mac,time,_0,_1,_2,_3,_4,_5,_6,_7,_8,_9,_10,_11,_12,_13,_14,_15,_16,_17,_18,_19,_20,_21,_22,_23,_24,_25,_26,_27,_28,_29,_30,_31,_32,_33,_34,_35,_36,_37,_38,_39,_40,_41,_42,_43,_44,_45,_46,_47,_48,_49,_50,_51,_52,_53,_54,_55,_56,_57,_58,_59,_60,_61,_62,_63
38182b2eef40,1747747450.2384238,0j,0j,0j,(-5120+5120j),(382+21j),(332-201j),(187-350j),(23-397j),(-129-372j),(-247-306j),(-323-218j),(-373-106j),(-399-16j),(-388+90j),(-364+169j),(-313+247j),(-262+312j),(-201+363j),(-129+400j),(-57+431j),(26+435j),(107+439j),(184+417j),(266+378j),(331+338j),(379+283j),(444+221j),(485+150j),(517+77j),(544-4j),(543-96j),(541-202j),0j,(479-405j),(401-463j),(320-550j),(215-627j),(89-668j),(-37-686j),(-138-648j),(-279-646j),(-405-590j),(-522-510j),(-627-394j),(-692-246j),(-731-91j),(-734+77j),(-699+241j),(-634+405j),(-510+553j),(-367+666j),(-169+737j),(37+733j),(267+685j),(451+557j),(610+388j),(720+138j),(712-155j),(572-455j),(572-455j),(10246+5376j),(-12880-32640j),(128+0j),0j
38182b2eef40,1747747450.248525,0j,0j,0j,(-5120+5120j),(-253+290j),(-68+382j),(121+382j),(266+298j),(337+195j),(375+90j),(390-18j),(380-123j),(337-210j),(294-264j),(236-310j),(197-358j),(123-396j),(60-421j),(-13-410j),(-62-411j),(-119-406j),(-191-420j),(-260-401j),(-330-366j),(-362-317j),(-396-263j),(-435-237j),(-480-183j),(-524-148j),(-545-61j),(-568+6j),(-558+85j),0j,(-551+273j),(-525+311j),(-483+395j),(-447+482j),(-375+558j),(-302+613j),(-207+645j),(-105+677j),(5+703j),(121+716j),(233+702j),(346+641j),(453+579j),(546+474j),(649+377j),(702+232j),(760+90j),(742-75j),(727-245j),(618-409j),(495-540j),(288-655j),(94-728j),(-135-713j),(-364-635j),(-583-403j),(-686-83j),(10246+5376j),(-12880-32640j),(128+0j),0j
38182b2eef40,1747747450.2684891,0j,0j,0j,(-5120+5120j),(-56+371j),(135+364j),(289+262j),(374+126j),(394-8j),(374-127j),(321-231j),(238-309j),(160-358j),(77-384j),(-5-393j),(-81-393j),(-151-380j),(-212-359j),(-269-328j),(-324-290j),(-374-237j),(-415-176j),(-442-110j),(-467-44j),(-482+21j),(-483+81j),(-482+154j),(-462+227j),(-432+292j),(-393+364j),(-354+423j),(-280+480j),0j,(-157+615j),(-69+613j),(25+625j),(128+642j),(244+628j),(364+593j),(423+535j),(532+443j),(591+368j),(669+275j),(719+160j),(740+9j),(719-130j),(677-273j),(622-402j),(522-533j),(397-643j),(232-713j),(58-747j),(-141-723j),(-328-654j),(-504-511j),(-634-340j),(-705-118j),(-703+150j),(-566+435j),(-286+648j),(10246+5376j),(-12880-32640j),(128+0j),0j
38182b2eef40,1747747450.2784507,0j,0j,0j,(-5120+5120j),(-145+371j),(44+388j),(204+339j),(317+255j),(365+141j),(384+39j),(380-65j),(355-149j),(328-227j),(283-276j),(236-313j),(190-341j),(142-366j),(97-387j),(50-405j),(5-419j),(-50-433j),(-106-433j),(-158-423j),(-197-412j),(-235-405j),(-291-392j),(-334-371j),(-385-339j),(-422-310j),(-457-283j),(-492-255j),(-528-182j),0j,(-639-79j),(-614-19j),(-630+63j),(-634+137j),(-629+207j),(-613+269j),(-586+330j),(-552+407j),(-508+488j),(-446+560j),(-364+642j),(-262+690j),(-153+722j),(-47+728j),(66+733j),(191+715j),(325+683j),(456+608j),(572+506j),(656+360j),(697+193j),(719+20j),(701-161j),(628-368j),(474-548j),(214-682j),(-108-678j),(10246+5376j),(-12880-32640j),(128+0j),0j
38182b2eef40,1747747450.3093421,0j,0j,0j,(-5120+5120j),(216-318j),(-38-389j),(-259-286j),(-380-101j),(-370+98j),(-303+251j),(-163+361j),(10+388j),(183+352j),(294+262j),(360+146j),(398+13j),(391-135j),(336-259j),(238-345j),(116-411j),(-21-441j),(-161-417j),(-287-352j),(-389-248j),(-472-141j),(-479+1j),(-478+149j),(-414+297j),(-325+413j),(-187+508j),(-7+545j),(177+541j),0j,(491+406j),(571+199j),(628+36j),(629-172j),(550-363j),(418-549j),(231-639j),(17-706j),(-210-684j),(-437-587j),(-620-411j),(-726-166j),(-738+100j),(-652+348j),(-486+571j),(-243+702j),(44+756j),(330+676j),(578+495j),(712+213j),(730-108j),(596-420j),(360-640j),(14-734j),(-369-634j),(-660-301j),(-693+172j),(10246+5376j),(-12880-32640j),(128+0j),0j
38182b2eef40,1747747450.3184655,0j,0j,0j,(-5120+5120j),(261+296j),(369+121j),(387-68j),(310-200j),(249-318j),(133-351j),(40-403j),(-72-371j),(-143-360j),(-231-314j),(-284-263j),(-338-210j),(-376-132j),(-391-82j),(-404-11j),(-423+32j),(-412+88j),(-438+160j),(-391+204j),(-395+291j),(-333+313j),(-311+383j),(-263+419j),(-203+467j),(-164+517j),(-85+535j),(-26+556j),(66+545j),0j,(231+559j),(302+541j),(370+477j),(482+464j),(510+375j),(607+320j),(644+214j),(697+113j),(715+11j),(732-126j),(697-244j),(641-385j),(552-481j),(456-560j),(373-675j),(214-707j),(65-786j),(-120-724j),(-283-709j),(-434-583j),(-575-447j),(-670-280j),(-743-68j),(-694+169j),(-613+415j),(-358+613j),(-50+725j),(10246+5376j),(-12880-32640j),(128+0j),0j
38182b2eef40,1747747450.3392613,0j,0j,0j,(-5120+5120j),(-192-347j),(-344-181j),(-398+22j),(-350+192j),(-249+300j),(-136+363j),(-7+387j),(118+363j),(227+322j),(303+246j),(353+180j),(393+102j),(413+13j),(402-72j),(394-153j),(360-236j),(314-318j),(247-376j),(178-425j),(109-457j),(21-492j),(-71-492j),(-167-472j),(-244-445j),(-244-445j),(-404-362j),(-478-297j),(-527-207j),0j,(-638+20j),(-607+110j),(-581+231j),(-538+365j),(-455+476j),(-351+574j),(-244+629j),(-108+685j),(21+704j),(172+704j),(318+665j),(471+585j),(591+464j),(684+304j),(729+136j),(744-54j),(708-249j),(614-441j),(461-593j),(263-703j),(32-727j),(-208-704j),(-431-584j),(-623-387j),(-721-100j),(-684+238j),(-460+535j),(10246+5376j),(-12880-32640j),(1152+0j),0j
38182b2eef40,1747747450.3593407,0j,0j,0j,(-5120+5120j),(-135-378j),(-307-241j),(-392-57j),(-386+126j),(-300+266j),(-168+352j),(-46+380j),(80+376j),(188+341j),(275+280j),(348+200j),(377+108j),(402+30j),(404-62j),(388-151j),(357-232j),(299-318j),(233-377j),(150-424j),(66-453j),(-19-461j),(-116-470j),(-208-441j),(-306-413j),(-403-358j),(-469-267j),(-524-182j),(-578-83j),0j,(-612+155j),(-541+277j),(-494+393j),(-406+503j),(-307+586j),(-185+658j),(-23+678j),(127+697j),(283+652j),(427+579j),(559+475j),(660+327j),(735+161j),(755-35j),(717-234j),(631-419j),(490-574j),(312-699j),(86-755j),(-145-731j),(-369-637j),(-553-462j),(-684-232j),(-736+52j),(-648+353j),(-404+605j),(-21+706j),(10246+5376j),(-12880-32640j),(128+0j),0j
38182b2eef40,1747747450.368079,0j,0j,0j,(-5120+5120j),(359+204j),(394-7j),(323-177j),(222-307j),(157-382j),(10-396j),(-98-362j),(-193-342j),(-256-307j),(-323-208j),(-328-177j),(-390-109j),(-424-41j),(-413-5j),(-422+64j),(-401+142j),(-394+206j),(-374+243j),(-328+293j),(-309+353j),(-287+406j),(-228+433j),(-178+485j),(-94+467j),(-58+528j),(-11+536j),(68+543j),(143+538j),0j,(332+536j),(354+461j),(454+474j),(507+385j),(574+332j),(649+262j),(652+156j),(712+43j),(693-72j),(720-166j),(708-259j),(642-363j),(562-508j),(474-573j),(352-678j),(184-743j),(51-730j),(-124-730j),(-325-752j),(-325-752j),(-567-484j),(-624-179j),(-896-582j),(-660+338j),(-587+470j),(-387+664j),(-92+670j),(10246+5376j),(-13136-32640j),(128+0j),0j
38182b2eef40,1747747450.378366,0j,0j,0j,(-5120+5120j),(69+390j),(283+277j),(386+102j),(385-78j),(321-220j),(220-314j),(106-367j),(-9-386j),(-115-375j),(-213-329j),(-286-273j),(-337-208j),(-368-136j),(-401-62j),(-417+19j),(-413+105j),(-399+198j),(-367+278j),(-310+345j),(-236+402j),(-160+449j),(-95+477j),(-2+495j),(83+518j),(168+521j),(258+495j),(358+443j),(438+366j),0j,(610+180j),(615+78j),(644-32j),(640-152j),(605-287j),(540-410j),(446-485j),(339-596j),(222-674j),(91-726j),(-62-738j),(-229-711j),(-386-644j),(-524-533j),(-641-387j),(-732-217j),(-769-23j),(-746+187j),(-654+395j),(-500+558j),(-297+670j),(-67+723j),(180+710j),(423+598j),(628+376j),(724+52j),(631-316j),(10246+5376j),(-12880-32640j),(1152+0j),0j
38182b2eef40,1747747450.3883777,0j,0j,0j,(-5120+5120j),(-380+19j),(-254+298j),(36+386j),(278+266j),(381+50j),(347-166j),(201-329j),(-3-390j),(-212-331j),(-348-178j),(-394+7j),(-353+187j),(-233+330j),(-65+396j),(112+395j),(280+316j),(400+169j),(440-17j),(401-211j),(279-369j),(104-479j),(-106-484j),(-327-402j),(-461-233j),(-530-33j),(-496+187j),(-384+381j),(-181+540j),0j,(337+553j),(505+341j),(621+95j),(630-192j),(496-462j),(247-655j),(-47-674j),(-363-597j),(-589-378j),(-721-82j),(-693+263j),(-491+567j),(-491+567j),(177+727j),(496+555j),(716+247j),(743-146j),(561-506j),(220-711j),(-183-722j),(-533-503j),(-712-124j),(-658+292j),(-370+631j),(107+724j),(566+466j),(725-75j),(10246+5376j),(-12880-32640j),(128+0j),0j
38182b2eef40,1747747450.3983905,0j,0j,0j,0j,(402+16j),(322-192j),(180-344j),(10-398j),(-152-368j),(-266-279j),(-343-163j),(-368-62j),(-378+58j),(-357+148j),(-309+238j),(-251+308j),(-166+361j),(-86+403j),(11+417j),(102+422j),(190+393j),(271+355j),(332+293j),(394+227j),(436+155j),(471+60j),(499-15j),(501-122j),(481-219j),(426-322j),(362-403j),(312-485j),0j,(70-629j),(-42-610j),(-164-606j),(-301-585j),(-419-519j),(-537-429j),(-600-308j),(-683-169j),(-719-23j),(-719+156j),(-679+318j),(-574+477j),(-444+606j),(-267+694j),(-83+746j),(120+735j),(325+684j),(501+564j),(641+399j),(710+193j),(726-46j),(666-277j),(526-512j),(289-680j),(-37-734j),(-369-606j),(-619-307j),(10246+5376j),(-12880-32640j),(128+0j),0j
38182b2eef40,1747747450.4092896,0j,0j,0j,(-5120+5120j),(330+222j),(388+1j),(343-194j),(213-326j),(58-380j),(-74-373j),(-185-335j),(-282-262j),(-350-172j),(-374-62j),(-375+32j),(-371+110j),(-355+188j),(-318+261j),(-258+317j),(-179+364j),(-95+408j),(-10+434j),(77+436j),(158+428j),(239+411j),(310+365j),(394+294j),(449+222j),(498+152j),(545+69j),(556-32j),(562-127j),0j,(481-404j),(389-448j),(310-542j),(208-616j),(84-669j),(-61-685j),(-202-646j),(-339-589j),(-460-517j),(-578-432j),(-684-299j),(-739-134j),(-744+42j),(-708+217j),(-636+382j),(-517+536j),(-347+666j),(-152+750j),(68+766j),(296+702j),(482+535j),(642+344j),(714+101j),(712-162j),(590-434j),(325-649j),(-59-708j),(10246+5376j),(-12880-32640j),(1152+0j),0j
38182b2eef40,1747747450.4192188,0j,0j,0j,(-5120+5120j),(365+82j),(374-114j),(284-284j),(145-368j),(-1-391j),(-115-371j),(-214-312j),(-298-245j),(-347-170j),(-378-84j),(-396-12j),(-393+61j),(-380+135j),(-358+198j),(-332+255j),(-297+311j),(-251+366j),(-194+404j),(-129+434j),(-72+464j),(-8+482j),(76+481j),(148+482j),(214+455j),(280+437j),(344+413j),(412+378j),(483+335j),0j,(600+160j),(604+91j),(635-11j),(643-115j),(630-233j),(599-336j),(533-436j),(464-516j),(390-589j),(279-666j),(161-730j),(23-746j),(-130-745j),(-261-708j),(-401-627j),(-534-538j),(-641-407j),(-740-235j),(-777-56j),(-740+148j),(-653+322j),(-532+481j),(-349+627j),(-135+722j),(147+715j),(439+587j),(639+294j),(10246+5376j),(-12880-32640j),(1152+0j),0j
38182b2eef40,1747747450.428342,0j,0j,0j,(-5120+5120j),(-372+125j),(-237+296j),(-63+374j),(99+372j),(229+316j),(322+226j),(375+114j),(380-4j),(371-109j),(329-196j),(281-266j),(218-325j),(143-370j),(68-395j),(-7-407j),(-79-409j),(-157-396j),(-231-369j),(-294-335j),(-356-295j),(-417-245j),(-459-161j),(-494-85j),(-507-5j),(-516+81j),(-512+175j),(-480+274j),(-451+351j),0j,(-317+522j),(-232+575j),(-133+623j),(-23+652j),(94+663j),(222+648j),(344+590j),(459+523j),(559+429j),(647+316j),(717+172j),(748+7j),(727-156j),(677-307j),(600-445j),(490-578j),(335-687j),(143-746j),(-66-749j),(-275-691j),(-460-558j),(-615-391j),(-704-162j),(-718+101j),(-619+379j),(-382+617j),(-26+720j),(10246+5376j),(-12880-32640j),(128+0j),0j
38182b2eef40,1747747450.4384215,0j,0j,0j,(-5120+5120j),(-288+252j),(-97+367j),(120+357j),(286+254j),(370+114j),(384-33j),(347-162j),(266-266j),(170-345j),(53-382j),(-68-381j),(-162-354j),(-258-307j),(-334-237j),(-382-151j),(-413-60j),(-416+33j),(-406+138j),(-369+233j),(-309+324j),(-234+400j),(-151+449j),(-36+496j),(76+509j),(187+495j),(298+462j),(408+382j),(501+282j),0j,(627+29j),(597-106j),(572-246j),(526-381j),(429-513j),(296-617j),(137-673j),(-43-693j),(-219-662j),(-390-598j),(-541-487j),(-657-331j),(-726-143j),(-737+69j),(-691+277j),(-577+468j),(-417+623j),(-200+731j),(60+755j),(313+673j),(506+514j),(666+284j),(724+8j),(670-283j),(475-550j),(129-704j),(-283-645j),(10246+5376j),(-12880-32640j),(128+0j),0j
38182b2eef40,1747747450.4496505,0j,0j,0j,(-5120+5120j),(353+104j),(368-80j),(295-250j),(163-349j),(35-375j),(-66-369j),(-161-339j),(-245-279j),(-305-225j),(-350-152j),(-373-83j),(-391-22j),(-400+47j),(-393+112j),(-379+167j),(-351+225j),(-317+277j),(-285+329j),(-241+379j),(-195+421j),(-148+460j),(-91+482j),(-30+502j),(33+514j),(104+513j),(174+498j),(247+473j),(331+489j),0j,(486+385j),(503+317j),(569+264j),(628+184j),(664+84j),(683-23j),(666-109j),(653-234j),(623-336j),(573-439j),(494-537j),(391-622j),(271-686j),(139-729j),(-5-749j),(-154-737j),(-308-690j),(-450-604j),(-568-479j),(-660-318j),(-701-118j),(-709+71j),(-661+272j),(-548+474j),(-340+641j),(-40+718j),(301+636j),(10246+5376j),(-12880-32640j),(1152+0j),0j
38182b2eef40,1747747450.458381,0j,0j,0j,(-5120+5120j),(-5120+5120j),(-64+382j),(122+366j),(260+277j),(336+169j),(376+60j),(388-44j),(361-151j),(322-225j),(257-290j),(192-339j),(120-372j),(44-398j),(-21-408j),(-87-412j),(-143-411j),(-213-383j),(-285-352j),(-339-309j),(-389-265j),(-431-220j),(-469-157j),(-507-92j),(-519-23j),(-521+47j),(-515+127j),(-502+205j),(-491+285j),0j,(-376+474j),(-325+529j),(-257+588j),(-163+631j),(-62+674j),(41+684j),(161+661j),(267+641j),(384+596j),(500+532j),(601+441j),(670+313j),(723+172j),(740+41j),(729-114j),(696-277j),(617-429j),(500-569j),(360-660j),(163-717j),(-24-748j),(-253-671j),(-455-554j),(-615-377j),(-712-125j),(-700+185j),(-513+489j),(10246+5376j),(-12880-32640j),(128+0j),0j
38182b2eef40,1747747450.4683936,0j,0j,0j,(-5120+5120j),(165+358j),(327+195j),(375-10j),(336-185j),(231-294j),(108-350j),(-16-364j),(-137-341j),(-237-295j),(-308-215j),(-354-132j),(-386-35j),(-383+72j),(-369+167j),(-338+244j),(-291+317j),(-229+378j),(-151+413j),(-57+436j),(29+451j),(120+453j),(226+422j),(324+392j),(405+332j),(465+250j),(511+149j),(541+52j),(559-48j),0j,(550-322j),(444-423j),(355-516j),(254-591j),(124-643j),(-16-680j),(-158-646j),(-315-605j),(-444-523j),(-570-423j),(-665-284j),(-725-101j),(-739+81j),(-694+274j),(-597+444j),(-448+596j),(-268+709j),(-61+746j),(148+733j),(367+644j),(554+468j),(667+255j),(719-11j),(660-297j),(481-557j),(155-698j),(-240-663j),(10246+5376j),(-12880-32640j),(128+0j),0j
38182b2eef40,1747747450.4783487,0j,0j,0j,(-5120+5120j),(-351-122j),(-359+95j),(-271+263j),(-134+362j),(7+375j),(123+354j),(217+294j),(289+236j),(348+154j),(382+71j),(382-21j),(368-94j),(348-177j),(326-233j),(290-305j),(248-349j),(183-394j),(119-414j),(48-452j),(-30-459j),(-110-483j),(-189-448j),(-271-429j),(-339-379j),(-393-340j),(-450-280j),(-504-228j),(-541-120j),0j,(-636+74j),(-586+167j),(-574+285j),(-530+374j),(-468+483j),(-375+553j),(-268+598j),(-161+664j),(-48+697j),(88+698j),(229+694j),(369+623j),(497+546j),(609+419j),(677+273j),(741+99j),(737-78j),(706-276j),(605-432j),(463-569j),(282-656j),(64-693j),(-178-673j),(-411-583j),(-616-362j),(-705-71j),(-638+285j),(10246+5376j),(-12880-32640j),(128+0j),0j
38182b2eef40,1747747450.4883895,0j,0j,0j,(-5120+5120j),(86+361j),(295+241j),(376+51j),(348-124j),(272-267j),(151-329j),(21-380j),(-98-355j),(-204-326j),(-295-207j),(-353-157j),(-378-40j),(-382+55j),(-385+143j),(-335+224j),(-273+302j),(-196+363j),(-143+437j),(-45+420j),(78+467j),(180+424j),(270+400j),(350+352j),(415+264j),(522+179j),(541+78j),(543-32j),(524-161j),0j,(435-412j),(350-526j),(198-594j),(72-671j),(-78-647j),(-244-654j),(-375-562j),(-499-463j),(-604-314j),(-722-197j),(-744-15j),(-690+218j),(-630+380j),(-463+519j),(-351+688j),(-141+713j),(117+769j),(323+655j),(497+555j),(682+366j),(674+69j),(740-173j),(253-663j),(582-560j),(142-687j),(-247-606j),(-645-412j),(10246+5376j),(-12880-32640j),(128+0j),0j
38182b2eef40,1747747450.4983156,0j,0j,0j,(-5120+5120j),(-94-361j),(-94-361j),(-370-73j),(-367+80j),(-307+216j),(-216+299j),(-112+356j),362j,(97+361j),(196+321j),(263+275j),(324+209j),(360+134j),(397+59j),(410-14j),(412-82j),(391-156j),(361-227j),(319-304j),(272-364j),(218-420j),(142-460j),(60-490j),(-32-508j),(-117-508j),(-204-489j),(-286-447j),(-360-418j),0j,(-554-274j),(-573-161j),(-615-51j),(-639+71j),(-630+185j),(-608+304j),(-536+417j),(-451+534j),(-337+624j),(-225+694j),(-81+733j),(79+735j),(253+690j),(406+609j),(552+492j),(652+341j),(730+160j),(742-36j),(716-227j),(614-406j),(448-561j),(245-667j),(7-704j),(-258-666j),(-491-504j),(-663-228j),(-669+148j),(10246+5376j),(-12880-32640j),(128+0j),0j
38182b2eef40,1747747450.5180624,0j,0j,0j,(-5120+5120j),(-89+365j),(122+357j),(303+232j),(371+53j),(354-100j),(294-221j),(192-313j),(69-365j),(-56-369j),(-162-336j),(-243-277j),(-309-212j),(-364-129j),(-389-35j),(-397+59j),(-385+147j),(-350+245j),(-287+326j),(-210+393j),(-120+440j),(-17+473j),(99+472j),(206+456j),(307+403j),(389+342j),(467+259j),(533+149j),(565+43j),0j,(576-274j),(479-367j),(406-481j),(299-583j),(140-654j),(-21-673j),(-174-639j),(-358-591j),(-488-488j),(-604-374j),(-706-213j),(-735-11j),(-707+182j),(-633+363j),(-498+535j),(-320+660j),(-114+726j),(123+738j),(358+647j),(538+475j),(659+267j),(704-8j),(652-274j),(498-503j),(236-670j),(-127-692j),(-488-485j),(10246+5376j),(-12880-32640j),(128+0j),0j
38182b2eef40,1747747450.5286703,0j,0j,0j,(-5120+5120j),(382-74j),(288-243j),(140-331j),(-14-347j),(-135-318j),(-232-263j),(-305-193j),(-357-103j),(-357-103j),(-366+66j),(-339+134j),(-306+198j),(-275+255j),(-233+308j),(-189+350j),(-134+384j),(-71+403j),(-7+426j),(67+431j),(147+433j),(215+410j),(270+389j),(340+348j),(402+304j),(455+263j),(505+189j),(529+114j),(564+37j),0j,(593-165j),(561-228j),(531-317j),(501-424j),(418-503j),(330-589j),(218-622j),(113-672j),(14-694j),(-117-711j),(-244-690j),(-387-625j),(-495-537j),(-599-415j),(-678-294j),(-732-128j),(-754+45j),(-704+227j),(-632+396j),(-490+541j),(-306+632j),(-111+705j),(107+705j),(331+623j),(537+455j),(665+177j),(665-169j),(10246+5376j),(-13136-32640j),(128+0j),0j
38182b2eef40,1747747450.5380855,0j,0j,0j,(-5120+5120j),(79+364j),(251+264j),(331+117j),(349-26j),(329-146j),(273-238j),(201-305j),(113-353j),(25-369j),(-64-357j),(-132-336j),(-190-302j),(-248-284j),(-303-252j),(-348-208j),(-380-156j),(-406-100j),(-423-53j),(-441+22j),(-442+80j),(-450+154j),(-434+230j),(-413+287j),(-378+350j),(-332+400j),(-291+459j),(-219+494j),(-129+539j),0j,(28+613j),(96+592j),(200+595j),(304+578j),(397+529j),(482+480j),(551+390j),(616+289j),(664+195j),(715+84j),(734-39j),(708-189j),(649-306j),(582-423j),(487-533j),(369-629j),(215-708j),(51-736j),(-116-733j),(-303-657j),(-461-544j),(-589-384j),(-678-183j),(-707+43j),(-638+299j),(-448+532j),(-142+673j),(10246+5376j),(-12880-32640j),(128+0j),0j
38182b2eef40,1747747450.558309,0j,0j,0j,(-5120+5120j),(350+7j),(309-158j),(203-286j),(79-355j),(-34-350j),(-129-322j),(-211-266j),(-273-222j),(-331-165j),(-331-165j),(-362-37j),(-369+41j),(-370+104j),(-363+156j),(-361+207j),(-322+254j),(-292+291j),(-254+360j),(-203+390j),(-173+440j),(-117+458j),(-56+474j),(7+501j),(73+513j),(140+513j),(194+504j),(274+476j),(344+443j),0j,(497+369j),(535+315j),(572+232j),(622+173j),(630+71j),(666-3j),(656-103j),(663-218j),(632-326j),(587-439j),(520-524j),(417-595j),(312-668j),(175-699j),(54-743j),(-99-724j),(-230-705j),(-387-621j),(-504-524j),(-611-380j),(-680-205j),(-699-16j),(-681+188j),(-583+398j),(-403+576j),(-140+663j),(191+658j),(10246+5376j),(-13136-32640j),(1152+0j),0j
38182b2eef40,1747747450.5684059,0j,0j,0j,(-5120+5120j),(322+172j),(348-67j),(239-260j),(76-343j),(-100-335j),(-233-259j),(-317-144j),(-354+2j),(-341+134j),(-274+238j),(-180+318j),(-79+359j),(30+379j),(152+355j),(259+302j),(341+218j),(400+95j),(435-19j),(416-148j),(365-273j),(290-370j),(181-447j),(58-498j),(-78-509j),(-215-475j),(-343-406j),(-453-291j),(-532-167j),0j,(-585+173j),(-493+340j),(-416+478j),(-285+585j),(-91+663j),(127+669j),(311+587j),(506+472j),(622+309j),(712+115j),(723-97j),(649-330j),(522-531j),(301-662j),(54-735j),(-192-717j),(-425-592j),(-621-401j),(-726-138j),(-703+162j),(-570+406j),(-335+607j),(-52+697j),(264+653j),(556+436j),(684+65j),(574-354j),(10246+5376j),(-12880-32640j),(128+0j),0j
38182b2eef40,1747747450.578389,0j,0j,0j,(-5120+5120j),(193-281j),(20-339j),(-143-324j),(-259-243j),(-322-143j),(-345-39j),(-345+64j),(-317+154j),(-289+215j),(-240+268j),(-178+310j),(-106+344j),(-31+371j),(26+376j),(85+389j),(138+389j),(212+363j),(278+344j),(329+293j),(381+262j),(415+215j),(458+150j),(476+95j),(503+16j),(519-52j),(515-139j),(491-230j),(476-319j),0j,(409-474j),(338-502j),(266-567j),(186-628j),(83-648j),(-25-687j),(-138-648j),(-257-642j),(-352-592j),(-473-527j),(-567-455j),(-652-324j),(-704-204j),(-711-59j),(-724+80j),(-681+226j),(-630+385j),(-516+516j),(-377+625j),(-209+685j),(5+722j),(194+669j),(400+584j),(575+422j),(683+183j),(685-122j),(531-422j),(10246+5376j),(-13136-32640j),(128+0j),0j
38182b2eef40,1747747450.597131,0j,0j,0j,(-5120+5120j),(-345+44j),(-269+223j),(-131+323j),(13+346j),(127+320j),(215+265j),(281+191j),(326+102j),(354+34j),(351-43j),(335-119j),(307-198j),(265-264j),(215-315j),(165-351j),(107-381j),(41-412j),(-29-432j),(-96-427j),(-166-407j),(-236-394j),(-298-379j),(-362-331j),(-422-263j),(-479-197j),(-519-128j),(-547-55j),(-563+48j),0j,(-569+250j),(-521+321j),(-476+407j),(-406+497j),(-320+579j),(-224+642j),(-119+656j),(10+678j),(132+684j),(265+666j),(399+608j),(526+505j),(617+387j),(677+254j),(719+112j),(725-57j),(694-238j),(610-405j),(491-541j),(326-638j),(141-694j),(-87-697j),(-303-626j),(-498-476j),(-643-253j),(-677+43j),(-557+360j),(10246+5376j),(-13136-32640j),(128+0j),0j
38182b2eef40,1747747450.6097739,0j,0j,0j,(-5120+5120j),(328-62j),(260-199j),(169-288j),(66-332j),(-17-333j),(-96-317j),(-158-282j),(-225-239j),(-266-204j),(-303-172j),(-321-133j),(-336-109j),(-351-76j),(-368-53j),(-397-19j),(-415+8j),(-429+46j),(-426+79j),(-423+122j),(-406+157j),(-407+201j),(-410+233j),(-406+277j),(-395+311j),(-393+345j),(-369+378j),(-354+410j),(-338+450j),0j,(-277+613j),(-251+541j),(-205+588j),(-153+608j),(-91+648j),(-25+655j),(22+695j),(101+670j),(156+676j),(227+659j),(288+651j),(373+628j),(439+595j),(526+547j),(583+469j),(648+382j),(682+261j),(715+141j),(711+3j),(698-119j),(643-243j),(583-372j),(481-503j),(329-612j),(134-682j),(-114-670j),(-359-559j),(10246+5376j),(-13136-32640j),(1152+0j),0j
38182b2eef40,1747747450.6181514,0j,0j,0j,(-5120+5120j),(474-100j),(317-326j),(105-461j),(-118-464j),(-292-380j),(-398-252j),(-469-116j),(-477+34j),(-458+199j),(-384+314j),(-291+410j),(-183+469j),(-65+514j),(42+534j),(162+521j),(281+488j),(398+428j),(493+349j),(550+247j),(620+131j),(661-10j),(674-164j),(639-302j),(590-445j),(508-565j),(395-681j),(241-762j),(86-774j),0j,(-278-843j),(-449-750j),(-596-649j),(-740-530j),(-864-358j),(-961-165j),(-956+58j),(-949+288j),(-865+497j),(-752+717j),(-562+882j),(-314+993j),(-63+1025j),(209+998j),(469+929j),(712+770j),(922+550j),(1018+233j),(1042-76j),(943-397j),(770-678j),(462-883j),(106-1001j),(-289-970j),(-677-748j),(-916-347j),(-935+203j),(10246+5376j),(-13136-32640j),(128+0j),0j
38182b2eef40,1747747450.6372762,0j,0j,0j,(-5120+5120j),(146+285j),(286+147j),(331-16j),(297-165j),(204-239j),(117-315j),(10-320j),(-96-326j),(-210-286j),(-255-233j),(-306-149j),(-339-78j),(-358-38j),(-367+48j),(-339+147j),(-335+217j),(-287+280j),(-237+352j),(-166+411j),(-63+447j),(-2+487j),(106+478j),(207+463j),(296+428j),(375+359j),(452+316j),(513+220j),(576+100j),0j,(622-141j),(579-212j),(531-348j),(449-454j),(382-569j),(221-639j),(115-667j),(-59-687j),(-183-668j),(-351-629j),(-490-565j),(-620-417j),(-690-294j),(-741-101j),(-714+79j),(-679+284j),(-615+449j),(-470+591j),(-217+709j),(-63+696j),(218+707j),(341+497j),(964+658j),(561+56j),(627-186j),(514-482j),(250-588j),(10246+5376j),(-13136-32640j),(1152+0j),0j
38182b2eef40,1747747450.6472228,0j,0j,0j,(-5120+5120j),(137-307j),(-49-337j),(-198-275j),(-299-164j),(-331-49j),(-335+54j),(-309+143j),(-264+224j),(-212+287j),(-143+332j),(-74+357j),(-6+373j),(57+370j),(122+369j),(185+352j),(247+330j),(308+292j),(366+249j),(411+189j),(453+124j),(480+52j),(494-19j),(502-102j),(497-176j),(475-249j),(441-322j),(401-395j),(334-463j),0j,(188-593j),(116-618j),(17-640j),(-91-666j),(-203-641j),(-319-615j),(-411-562j),(-508-488j),(-588-399j),(-661-307j),(-712-184j),(-743-47j),(-748+106j),(-705+259j),(-636+414j),(-526+536j),(-397+646j),(-224+707j),(-52+746j),(150+711j),(347+632j),(506+512j),(641+339j),(727+91j),(704-188j),(549-471j),(268-654j),(10246+5376j),(-12880-32640j),(128+0j),0j
38182b2eef40,1747747450.6572201,0j,0j,0j,(-5120+5120j),(362+46j),(333-121j),(257-257j),(142-343j),(33-363j),(-57-365j),(-147-329j),(-230-291j),(-276-241j),(-322-196j),(-358-144j),(-382-96j),(-408-41j),(-420+11j),(-425+71j),(-427+122j),(-420+194j),(-389+251j),(-372+309j),(-332+344j),(-319+399j),(-270+425j),(-242+476j),(-189+525j),(-149+537j),(-81+579j),(-29+599j),(45+595j),0j,(236+644j),(263+573j),(333+563j),(410+521j),(487+489j),(552+440j),(607+369j),(657+295j),(701+205j),(722+107j),(751+5j),(734-113j),(730-220j),(697-350j),(614-450j),(537-571j),(415-641j),(279-721j),(137-757j),(-40-746j),(-215-712j),(-381-632j),(-533-499j),(-657-345j),(-734-89j),(-703+196j),(-523+479j),(10246+5376j),(-12880-32640j),(1152+0j),0j
38182b2eef40,1747747450.6891632,0j,0j,0j,(-5120+5120j),(109+440j),(340+316j),(465+92j),(458-142j),(365-310j),(223-427j),(66-487j),(-93-494j),(-247-436j),(-364-342j),(-455-230j),(-501-110j),(-528+25j),(-519+152j),(-476+283j),(-416+393j),(-321+486j),(-213+568j),(-82+610j),(66+633j),(204+616j),(345+567j),(461+500j),(568+397j),(659+272j),(711+125j),(735-39j),(715-188j),0j,(613-510j),(464-609j),(337-714j),(182-794j),(-5-832j),(-192-820j),(-364-742j),(-546-646j),(-682-503j),(-799-333j),(-873-137j),(-883+93j),(-823+301j),(-706+491j),(-556+653j),(-350+783j),(-110+857j),(150+849j),(403+761j),(614+582j),(758+333j),(825+48j),(787-261j),(628-542j),(346-756j),(-60-812j),(-480-635j),(10246+5376j),(-12624-32640j),(128+0j),0j
38182b2eef40,1747747450.6972315,0j,0j,0j,(-5120+5120j),(445-170j),(312-374j),(97-477j),(-105-483j),(-266-424j),(-391-332j),(-462-213j),(-512-79j),(-526+46j),(-501+183j),(-464+291j),(-400+376j),(-340+459j),(-266+507j),(-182+563j),(-102+601j),(10+620j),(112+634j),(213+616j),(324+596j),(416+551j),(510+488j),(588+414j),(641+328j),(696+248j),(729+164j),(759+55j),(775-67j),0j,(769-332j),(701-435j),(638-550j),(568-642j),(464-721j),(347-793j),(216-844j),(68-860j),(-68-875j),(-214-872j),(-365-841j),(-512-760j),(-635-641j),(-731-503j),(-814-349j),(-878-171j),(-903+27j),(-872+230j),(-785+429j),(-636+602j),(-438+719j),(-214+816j),(38+836j),(294+785j),(551+622j),(757+329j),(808-76j),(10246+5376j),(-12368-32640j),(128+0j),0j
38182b2eef40,1747747450.7272263,0j,0j,0j,(-5120+5120j),(-454-73j),(-208+394j),(313+316j),(413-185j),(16-462j),(-403-239j),(-409+218j),(-46+466j),(376+279j),(446-159j),(123-473j),(-324-389j),(-523+37j),(-291+454j),(199+520j),(542+155j),(464-350j),(1-591j),(-482-374j),(-610+158j),(-255+598j),(325+574j),(673+100j),(507-478j),(-67-713j),(-611-393j),(-714+241j),(-239+650j),0j,(808+133j),(532-634j),(-186-811j),(-753-343j),(-733+387j),(-148+814j),(552+611j),(849-87j),(446-717j),(-317-804j),(-829-204j),(-659+548j),(82+865j),(753+421j),(770-379j),(131-832j),(-618-587j),(-808+183j),(-343+796j),(591+700j),(828-85j),(353-818j),(-652-603j),(-703+259j),(-104+784j),(736+319j),(534-539j),(10246+5376j),(-12624-32640j),(128+0j),0j
38182b2eef40,1747747450.739289,0j,0j,0j,(-5120+5120j),(-392+73j),(-313+262j),(-162+368j),(-2+410j),(145+383j),(257+328j),(349+243j),(393+142j),(424+46j),(427-58j),(405-144j),(387-229j),(345-297j),(307-357j),(252-414j),(184-464j),(108-506j),(11-534j),(-73-546j),(-171-549j),(-260-528j),(-336-481j),(-434-433j),(-501-366j),(-569-307j),(-610-224j),(-640-144j),(-683-44j),0j,(-723+229j),(-644+296j),(-615+399j),(-561+521j),(-473+612j),(-365+697j),(-232+727j),(-103+767j),(28+790j),(168+788j),(311+762j),(456+677j),(563+568j),(659+441j),(730+304j),(785+148j),(800-40j),(760-221j),(681-403j),(540-556j),(372-671j),(141-741j),(-83-738j),(-316-678j),(-541-509j),(-695-232j),(-711+132j),(10246+5376j),(-12880-32640j),(128+0j),0j
38182b2eef40,1747747450.7472823,0j,0j,0j,(-5120+5120j),(331+170j),(384-1j),(367-146j),(266-284j),(151-354j),(17-389j),(-87-381j),(-179-340j),(-252-304j),(-327-242j),(-354-188j),(-407-117j),(-418-56j),(-440+14j),(-447+85j),(-442+152j),(-440+232j),(-399+295j),(-383+377j),(-313+427j),(-278+493j),(-196+524j),(-136+572j),(-34+593j),(31+605j),(123+603j),(195+594j),(281+567j),0j,(499+482j),(538+437j),(611+353j),(669+250j),(697+154j),(752+38j),(732-64j),(742-201j),(683-309j),(673-417j),(567-529j),(479-620j),(365-675j),(240-758j),(72-783j),(-110-786j),(-277-723j),(-402-624j),(-596-563j),(-617-305j),(-721-220j),(-678+86j),(-796+133j),(-519+583j),(-389+594j),(22+796j),(253+601j),(10246+5376j),(-12880-32640j),(1152+0j),0j
38182b2eef40,1747747450.7683468,0j,0j,0j,(-5120+5120j),(-136+362j),(67+377j),(236+301j),(346+180j),(400+35j),(386-92j),(344-195j),(292-278j),(218-341j),(146-395j),(57-427j),(-36-438j),(-116-429j),(-192-412j),(-264-391j),(-339-355j),(-406-300j),(-471-236j),(-515-154j),(-553-65j),(-571+24j),(-565+108j),(-566+205j),(-542+290j),(-506+382j),(-443+455j),(-365+523j),(-285+603j),0j,(-75+724j),(18+717j),(147+724j),(265+712j),(383+665j),(494+601j),(585+509j),(668+410j),(733+299j),(793+167j),(827+17j),(807-152j),(754-296j),(675-434j),(567-565j),(433-675j),(271-768j),(80-808j),(-112-796j),(-314-736j),(-492-608j),(-645-425j),(-746-207j),(-776+51j),(-694+336j),(-472+591j),(-131+743j),(10246+5376j),(-12624-32640j),(128+0j),0j
38182b2eef40,1747747450.7783332,0j,0j,0j,(-5120+5120j),(244+326j),(370+146j),(401-64j),(339-256j),(205-374j),(60-429j),(-97-426j),(-229-380j),(-341-297j),(-408-194j),(-457-80j),(-467+41j),(-458+159j),(-415+275j),(-358+368j),(-273+456j),(-172+517j),(-54+563j),(73+572j),(203+564j),(331+514j),(449+459j),(549+342j),(623+228j),(676+95j),(689-43j),(679-177j),(643-362j),0j,(459-645j),(329-695j),(155-778j),(-25-804j),(-201-789j),(-363-729j),(-503-639j),(-646-514j),(-759-361j),(-841-177j),(-868+37j),(-830+257j),(-730+457j),(-586+621j),(-405+753j),(-188+840j),(58+860j),(297+800j),(509+673j),(683+475j),(784+218j),(814-73j),(728-365j),(535-621j),(220-783j),(-175-773j),(-554-548j),(10246+5376j),(-12624-32640j),(128+0j),0j
38182b2eef40,1747747450.7882824,0j,0j,0j,(-5120+5120j),(-81-404j),(-313-296j),(-407-109j),(-438+65j),(-348+205j),(-288+341j),(-183+405j),(-44+450j),(70+475j),(178+413j),(291+396j),(354+311j),(447+235j),(507+152j),(528+56j),(544-50j),(572-159j),(534-257j),(482-367j),(401-485j),(336-570j),(243-602j),(115-661j),(14-675j),(-120-704j),(-226-702j),(-354-668j),(-456-586j),0j,(-724-410j),(-723-281j),(-810-145j),(-804-6j),(-820+142j),(-813+318j),(-714+436j),(-614+612j),(-492+676j),(-369+799j),(-219+878j),(-20+878j),(175+875j),(334+837j),(524+674j),(686+555j),(762+389j),(846+192j),(884-72j),(770-236j),(707-490j),(379-576j),(640-1135j),(-223-684j),(-433-657j),(-689-457j),(-748-130j),(10246+5376j),(-12624-32640j),(128+0j),0j
38182b2eef40,1747747450.7992167,0j,0j,0j,(-5120+5120j),(-65+405j),(156+375j),(315+252j),(401+107j),(426-36j),(403-170j),(338-298j),(240-380j),(130-449j),(18-476j),(-89-482j),(-187-470j),(-278-431j),(-371-387j),(-449-327j),(-524-243j),(-575-142j),(-615-33j),(-627+71j),(-623+189j),(-597+307j),(-556+412j),(-472+512j),(-394+595j),(-310+674j),(-208+721j),(-84+746j),(34+770j),0j,(347+745j),(431+679j),(552+613j),(665+530j),(750+404j),(823+260j),(837+109j),(857-52j),(840-196j),(818-352j),(751-498j),(632-641j),(484-742j),(312-815j),(137-865j),(-67-876j),(-271-851j),(-469-744j),(-631-597j),(-748-386j),(-802-168j),(-808+84j),(-751+323j),(-601+556j),(-352+740j),(7+806j),(392+687j),(10246+5376j),(-12368-32640j),(128+0j),0j
38182b2eef40,1747747450.809287,0j,0j,0j,(-5120+5120j),(-334+142j),(-201+311j),(-6+379j),(177+349j),(301+257j),(380+130j),(414-10j),(392-159j),(327-284j),(234-374j),(126-434j),(-3-467j),(-130-468j),(-253-429j),(-352-379j),(-451-304j),(-535-192j),(-586-56j),(-605+85j),(-582+235j),(-533+366j),(-451+489j),(-327+597j),(-192+672j),(-31+727j),(144+729j),(302+689j),(471+594j),0j,(744+390j),(787+184j),(815+4j),(810-190j),(755-382j),(644-548j),(500-665j),(335-788j),(147-851j),(-76-882j),(-302-839j),(-508-718j),(-671-564j),(-787-366j),(-853-138j),(-857+111j),(-780+356j),(-634+568j),(-434+726j),(-172+819j),(109+807j),(394+700j),(627+497j),(772+217j),(785-137j),(611-489j),(237-726j),(10246+5376j),(-12624-32640j),(128+0j),0j
38182b2eef40,1747747450.8291986,0j,0j,0j,(-5120+5120j),(-242-104j),(-272+39j),(-222+176j),(-131+255j),(-51+291j),(23+297j),(101+297j),(172+266j),(229+226j),(286+180j),(325+140j),(384+81j),(399-2j),(411-66j),(404-146j),(393-217j),(372-292j),(330-375j),(271-416j),(214-483j),(141-499j),(80-544j),(-11-566j),(-87-567j),(-172-589j),(-276-546j),(-342-518j),(-420-445j),0j,(-605-356j),(-642-254j),(-661-158j),(-719-53j),(-701+55j),(-697+149j),(-669+263j),(-622+365j),(-581+459j),(-494+580j),(-382+657j),(-262+714j),(-118+746j),(22+730j),(161+725j),(308+663j),(440+591j),(550+486j),(641+349j),(690+191j),(695-22j),(660-210j),(564-385j),(406-550j),(175-645j),(-93-647j),(-387-529j),(10246+5376j),(-12880-32640j),(128+0j),0j
38182b2eef40,1747747450.8491673,0j,0j,0j,(-5120+5120j),(283+170j),(334-39j),(255-219j),(124-323j),(-23-354j),(-165-323j),(-274-241j),(-362-124j),(-394-7j),(-380+130j),(-333+245j),(-262+340j),(-168+402j),(-56+447j),(72+475j),(224+464j),(356+394j),(467+299j),(557+171j),(594+14j),(607-144j),(571-314j),(491-464j),(367-590j),(212-687j),(39-730j),(-152-731j),(-358-674j),0j,(-720-449j),(-798-223j),(-848-22j),(-852+204j),(-789+435j),(-655+646j),(-464+780j),(-217+904j),(48+941j),(306+923j),(558+825j),(771+619j),(915+371j),(980+68j),(942-230j),(827-516j),(626-777j),(326-957j),(-26-1012j),(-374-916j),(-675-703j),(-864-352j),(-938+15j),(-855+425j),(-554+778j),(-79+944j),(469+812j),(10246+5376j),(-13136-32640j),(128+0j),0j
38182b2eef40,1747747450.8691657,0j,0j,0j,(-5120+5120j),(-236-105j),(-275+54j),(-226+177j),(-137+247j),(-45+278j),(41+285j),(128+272j),(204+226j),(274+183j),(320+114j),(348+52j),(362-10j),(371-79j),(374-151j),(358-232j),(329-317j),(283-393j),(219-460j),(145-518j),(49-557j),(-62-581j),(-157-585j),(-294-553j),(-401-522j),(-493-475j),(-584-412j),(-670-336j),(-756-209j),0j,(-850+126j),(-816+243j),(-780+402j),(-706+550j),(-603+697j),(-477+816j),(-296+885j),(-135+966j),(42+988j),(228+983j),(417+948j),(613+859j),(801+717j),(945+531j),(1044+298j),(1095+49j),(1075-222j),(979-502j),(802-745j),(542-934j),(262-1031j),(-80-1061j),(-412-988j),(-725-803j),(-980-455j),(-1079+33j),(-911+560j),(10246+5376j),(-13136-32640j),(128+0j),0j
38182b2eef40,1747747450.879209,0j,0j,0j,(-5120+5120j),(-59+214j),(27+207j),(122+172j),(188+114j),(211+59j),(215+11j),(210-34j),(206-81j),(185-121j),(169-162j),(158-192j),(156-225j),(130-254j),(107-281j),(68-311j),(26-345j),(-33-382j),(-98-389j),(-162-397j),(-213-385j),(-280-382j),(-332-350j),(-424-318j),(-485-259j),(-523-229j),(-565-177j),(-593-106j),(-628+0j),0j,(-696+217j),(-646+268j),(-636+395j),(-593+509j),(-530+594j),(-454+687j),(-352+754j),(-246+814j),(-105+857j),(8+891j),(161+891j),(320+854j),(477+795j),(610+684j),(758+564j),(875+419j),(960+228j),(988+26j),(968-183j),(880-399j),(743-606j),(548-771j),(323-907j),(37-976j),(-315-917j),(-672-710j),(-894-301j),(10246+5376j),(-13392-32640j),(1152+0j),0j
38182b2eef40,1747747450.889221,0j,0j,0j,(-5120+5120j),(33-251j),(-131-215j),(-217-126j),(-238-34j),(-231+42j),(-208+110j),(-160+167j),(-100+194j),(-54+208j),(-5+217j),(47+225j),(96+220j),(138+210j),(177+204j),(219+189j),(260+160j),(296+123j),(334+81j),(372+19j),(393-60j),(392-138j),(375-213j),(342-298j),(295-376j),(236-449j),(166-509j),(87-565j),(-20-579j),0j,(-282-591j),(-385-538j),(-504-450j),(-603-355j),(-690-243j),(-759-102j),(-759+52j),(-760+216j),(-723+373j),(-657+544j),(-530+706j),(-356+813j),(-173+876j),(29+902j),(252+884j),(474+794j),(669+651j),(818+454j),(911+220j),(930-53j),(848-323j),(709-607j),(459-824j),(124-944j),(-261-909j),(-640-679j),(-885-251j),(10246+5376j),(-13392-32640j),(128+0j),0j
38182b2eef40,1747747450.8992047,0j,0j,0j,(-5120+5120j),(128+221j),(224+127j),(250+17j),(242-79j),(205-157j),(158-202j),(91-229j),(37-238j),(-8-250j),(-73-240j),(-116-228j),(-140-215j),(-166-205j),(-203-189j),(-222-160j),(-251-136j),(-298-123j),(-338-92j),(-375-30j),(-391+20j),(-411+61j),(-430+117j),(-413+185j),(-392+246j),(-394+314j),(-378+400j),(-321+451j),(-270+520j),0j,(-88+660j),(-4+668j),(80+681j),(217+689j),(325+656j),(441+626j),(542+543j),(641+479j),(721+379j),(806+274j),(869+120j),(863-58j),(858-211j),(809-382j),(727-549j),(603-693j),(453-810j),(245-928j),(6-953j),(-236-899j),(-439-805j),(-655-649j),(-827-416j),(-929-140j),(-921+205j),(-745+574j),(-371+843j),(10246+5376j),(-13392-32640j),(128+0j),0j
38182b2eef40,1747747450.9191415,0j,0j,0j,(-5120+5120j),(232-52j),(187-180j),(68-246j),(-52-254j),(-130-226j),(-191-177j),(-228-126j),(-253-56j),(-272-10j),(-274+44j),(-261+93j),(-246+139j),(-221+184j),(-190+223j),(-171+253j),(-145+289j),(-109+335j),(-54+364j),(11+392j),(77+401j),(147+408j),(207+400j),(293+388j),(360+355j),(417+318j),(481+266j),(543+194j),(613+91j),0j,(671-153j),(631-214j),(625-332j),(588-447j),(501-575j),(400-666j),(280-734j),(138-795j),(-1-829j),(-145-848j),(-304-838j),(-465-766j),(-610-657j),(-729-517j),(-836-349j),(-916-149j),(-946+67j),(-914+313j),(-816+527j),(-635+727j),(-414+863j),(-124+942j),(179+933j),(487+824j),(752+590j),(934+207j),(902-281j),(10246+5376j),(-13392-32640j),(1152+0j),0j
38182b2eef40,1747747450.9291863,0j,0j,0j,(-5120+5120j),(202+171j),(242+65j),(248-39j),(219-134j),(162-184j),(104-228j),(48-241j),(-4-241j),(-51-235j),(-88-232j),(-128-209j),(-159-210j),(-176-194j),(-199-185j),(-237-164j),(-259-154j),(-298-120j),(-335-116j),(-369-83j),(-390-43j),(-416+7j),(-430+64j),(-442+125j),(-447+181j),(-448+237j),(-434+289j),(-425+354j),(-384+419j),0j,(-276+572j),(-262+589j),(-165+645j),(-85+704j),(12+724j),(119+738j),(206+731j),(324+709j),(434+679j),(534+645j),(635+577j),(735+466j),(813+345j),(856+209j),(893+43j),(911-122j),(873-301j),(797-482j),(690-629j),(513-761j),(326-868j),(88-925j),(-175-913j),(-441-836j),(-699-637j),(-900-296j),(-924+129j),(10246+5376j),(-13392-32640j),(128+0j),0j
38182b2eef40,1747747450.9583154,0j,0j,0j,(-5120+5120j),(-26+284j),(118+267j),(223+159j),(269+33j),(263-63j),(218-132j),(162-180j),(114-219j),(51-217j),(-6-226j),(-38-223j),(-64-218j),(-83-224j),(-103-226j),(-131-224j),(-164-219j),(-202-202j),(-257-177j),(-313-152j),(-364-102j),(-415-48j),(-435+14j),(-453+69j),(-460+152j),(-449+235j),(-422+325j),(-396+404j),(-333+513j),0j,(-175+654j),(-83+689j),(43+734j),(178+746j),(337+724j),(483+680j),(583+573j),(711+483j),(801+355j),(886+193j),(957+11j),(978-187j),(928-395j),(827-590j),(676-764j),(494-916j),(271-1025j),(-3-1077j),(-303-1041j),(-588-906j),(-839-678j),(-974-412j),(-1057-84j),(-1047+278j),(-876+661j),(-492+972j),(72+1082j),(10246+5376j),(-14160-32640j),(1152+0j),0j
38182b2eef40,1747747450.969182,0j,0j,0j,(-5120+5120j),(260+146j),(283-2j),(233-136j),(159-219j),(72-259j),(-22-250j),(-76-211j),(-132-182j),(-165-118j),(-192-90j),(-195-50j),(-198-47j),(-213-16j),(-182-13j),(-200-18j),(-208+11j),(-221+24j),(-229+58j),(-236+88j),(-247+133j),(-258+167j),(-251+209j),(-231+265j),(-218+319j),(-176+367j),(-134+407j),(-86+462j),(22+513j),0j,(212+556j),(281+555j),(375+532j),(485+478j),(582+411j),(662+321j),(712+206j),(775+72j),(804-56j),(808-233j),(768-378j),(720-553j),(596-688j),(470-823j),(261-903j),(90-950j),(-162-979j),(-384-917j),(-622-805j),(-798-592j),(-929-360j),(-981-45j),(-948+254j),(-831+575j),(-559+842j),(-159+1009j),(364+967j),(10246+5376j),(-14160-32640j),(128+0j),0j
38182b2eef40,1747747451.0232053,0j,0j,0j,(-5120+5120j),(228+354j),(379+118j),(384-102j),(267-273j),(141-334j),(-3-346j),(-99-308j),(-204-223j),(-246-130j),(-249-37j),(-222+16j),(-200+55j),(-150+67j),(-127+86j),(-110+95j),(-93+82j),(-74+65j),(-124+47j),(-126+49j),(-161+79j),(-160+102j),(-194+167j),(-169+206j),(-165+275j),(-130+331j),(-93+389j),(-12+419j),(76+477j),0j,(289+547j),(416+465j),(519+394j),(662+306j),(734+157j),(816-8j),(809-160j),(800-370j),(733-546j),(625-731j),(435-917j),(216-1006j),(-26-1047j),(-274-1039j),(-539-975j),(-783-791j),(-974-586j),(-1123-298j),(-1217+34j),(-1137+432j),(-960+744j),(-654+1038j),(-256+1212j),(190+1259j),(685+1042j),(1096+606j),(1211-61j),(10246+5376j),(-14672-32640j),(128+0j),0j
38182b2eef40,1747747451.0593386,0j,0j,0j,(-5120+5120j),(-261+26j),(-205+178j),(-84+263j),(32+275j),(123+233j),(193+169j),(215+91j),(228+12j),(193-40j),(162-80j),(132-113j),(106-124j),(89-131j),(92-135j),(74-129j),(73-122j),(72-115j),(66-133j),(52-152j),(45-182j),(14-223j),(-14-262j),(-84-261j),(-117-274j),(-177-283j),(-235-263j),(-289-231j),(-395-208j),0j,(-519-77j),(-496+33j),(-527+124j),(-537+244j),(-504+329j),(-481+447j),(-391+545j),(-281+638j),(-151+711j),(3+748j),(178+770j),(364+734j),(511+641j),(664+548j),(786+370j),(873+175j),(918-64j),(863-303j),(771-507j),(592-692j),(347-827j),(68-915j),(-280-892j),(-583-754j),(-583-754j),(-946-33j),(-814+440j),(10246+5376j),(-14416-32640j),(128+0j),0j
38182b2eef40,1747747451.0884886,0j,0j,0j,(-5120+5120j),(-123+226j),(41+256j),(170+169j),(215+83j),(239-11j),(201-97j),(158-133j),(96-175j),(22-170j),(-4-174j),(-45-170j),(-67-167j),(-101-157j),(-121-156j),(-151-135j),(-162-105j),(-180-93j),(-218-59j),(-248-35j),(-291+38j),(-298+105j),(-314+160j),(-286+257j),(-243+317j),(-188+400j),(-108+461j),509j,(134+510j),0j,(377+484j),(488+390j),(586+288j),(670+150j),(714-17j),(729-196j),(670-341j),(563-543j),(430-677j),(289-800j),(102-884j),(-146-892j),(-379-829j),(-616-704j),(-796-516j),(-925-272j),(-990+21j),(-936+314j),(-818+580j),(-580+797j),(-269+956j),(102+982j),(455+908j),(793+658j),(1002+242j),(993-281j),(684-787j),(10246+5376j),(-14160-32640j),(128+0j),0j
38182b2eef40,1747747451.1078072,0j,0j,0j,(-5120+5120j),(-234-121j),(-231-4j),(-194+91j),(-146+176j),(-73+206j),(-36+221j),(44+224j),(56+191j),(121+173j),(138+123j),(128+138j),(169+130j),(171+122j),(200+114j),(217+92j),(257+85j),(263+60j),(311+49j),(325+6j),(372-11j),(398-112j),(391-174j),(399-241j),(367-306j),(378-344j),(339-407j),(296-446j),(235-529j),0j,(40-684j),(-47-688j),(-150-730j),(-283-734j),(-397-725j),(-541-672j),(-619-574j),(-746-473j),(-813-369j),(-897-257j),(-960-119j),(-992+58j),(-956+246j),(-912+427j),(-830+625j),(-666+790j),(-515+930j),(-304+1035j),(-33+1070j),(213+1034j),(495+947j),(729+755j),(917+537j),(1054+239j),(1068-168j),(899-600j),(507-952j),(10246+5376j),(-14160-32640j),(128+0j),0j
38182b2eef40,1747747451.1217732,0j,0j,0j,(-5120+5120j),(192+213j),(198+141j),(191+87j),(212+8j),(207-33j),(175-102j),(141-135j),(90-144j),(49-167j),(-8-183j),(14-171j),(-21-175j),(-25-195j),(-46-195j),(-89-177j),(-104-198j),(-150-179j),(-173-207j),(-231-171j),(-256-124j),(-314-81j),(-324-52j),(-338+53j),(-357+101j),(-308+198j),(-317+272j),(-204+306j),(-3+277j),0j,(-204-77j),(-406+32j),(-466+228j),(-400+336j),(-319+503j),(-202+589j),(-89+637j),(99+659j),(142+602j),(356+609j),(410+646j),(544+479j),(583+393j),(726+271j),(786+138j),(875-56j),(828-216j),(729-454j),(585-639j),(348-701j),(161-752j),(-52-767j),(-310-753j),(-536-696j),(-697-412j),(-814-83j),(-771+146j),(10245+0j),(-12288-32640j),(128+0j),0j
38182b2eef40,1747747451.1593225,0j,0j,0j,(-5120+5120j),(-123+121j),(-53+179j),(36+178j),(105+145j),(139+102j),(152+68j),(161+31j),(176-20j),(161-49j),(152-89j),(139-113j),(132-135j),(129-156j),(126-189j),(107-229j),(78-262j),(39-285j),(-1-300j),(-43-317j),(-104-332j),(-173-331j),(-237-317j),(-307-289j),(-357-260j),(-411-224j),(-458-173j),(-509-107j),(-554-8j),0j,(-595+206j),(-551+267j),(-533+362j),(-488+470j),(-417+571j),(-311+666j),(-186+711j),(-68+755j),(63+773j),(198+781j),(350+756j),(501+676j),(624+575j),(743+438j),(828+281j),(901+89j),(904-122j),(860-332j),(752-529j),(579-702j),(377-824j),(88-901j),(-187-889j),(-478-798j),(-732-559j),(-895-183j),(-857+289j),(10246+5376j),(-13648-32640j),(1152+0j),0j
38182b2eef40,1747747451.1685345,0j,0j,0j,(-5120+5120j),(-201+3j),(-177+122j),(-94+194j),(-7+218j),(71+199j),(128+161j),(160+117j),(184+82j),(195+47j),(198+5j),(198-36j),(193-76j),(187-117j),(184-156j),(166-198j),(143-244j),(109-278j),(66-313j),(22-347j),(-41-370j),(-114-381j),(-189-358j),(-262-342j),(-339-305j),(-413-253j),(-485-173j),(-543-81j),(-577-18j),0j,(-601+231j),(-547+357j),(-498+470j),(-415+566j),(-305+658j),(-191+728j),(-31+756j),(113+776j),(274+751j),(448+687j),(601+599j),(731+462j),(843+296j),(900+102j),(893-125j),(846-341j),(733-544j),(579-730j),(375-854j),(105-918j),(-172-882j),(-453-782j),(-703-583j),(-872-291j),(-925+92j),(-786+487j),(-422+797j),(10246+5376j),(-13648-32640j),(128+0j),0j
38182b2eef40,1747747451.219371,0j,0j,0j,(-5120+5120j),(-58+243j),(106+215j),(212+122j),(243-3j),(216-115j),(146-200j),(57-243j),(-38-254j),(-138-226j),(-216-165j),(-264-92j),(-293+1j),(-287+94j),(-254+187j),(-199+267j),(-110+332j),(-12+368j),(109+380j),(109+380j),(337+275j),(426+165j),(472+27j),(463-123j),(424-263j),(351-385j),(235-479j),(88-538j),(-87-547j),0j,(-456-443j),(-547-276j),(-627-104j),(-659+89j),(-621+295j),(-507+483j),(-335+595j),(-118+703j),(108+714j),(343+664j),(552+535j),(698+321j),(762+72j),(738-194j),(627-439j),(432-640j),(176-761j),(-125-774j),(-397-670j),(-620-449j),(-748-144j),(-721+184j),(-570+484j),(-276+705j),(116+746j),(499+555j),(712+147j),(10246+5376j),(-12880-32640j),(128+0j),0j
38182b2eef40,1747747451.2287016,0j,0j,0j,(-5120+5120j),(262-107j),(166-240j),(36-285j),(-86-278j),(-176-247j),(-248-188j),(-288-116j),(-311-32j),(-324+36j),(-312+116j),(-282+178j),(-252+241j),(-217+298j),(-161+347j),(-115+373j),(-50+409j),(25+430j),(108+437j),(175+433j),(262+401j),(335+372j),(396+336j),(462+283j),(518+198j),(575+113j),(596+10j),(597-74j),(598-174j),0j,(564-398j),(479-465j),(419-547j),(338-642j),(203-705j),(90-748j),(-9-725j),(-172-741j),(-307-697j),(-440-676j),(-568-584j),(-674-440j),(-720-307j),(-781-158j),(-795+15j),(-772+195j),(-716+364j),(-615+544j),(-475+665j),(-282+745j),(-47+779j),(191+758j),(414+665j),(617+484j),(748+225j),(767-119j),(602-475j),(10246+5376j),(-12880-32640j),(1152+0j),0j
38182b2eef40,1747747451.239486,0j,0j,0j,(-5120+5120j),(243+109j),(257-11j),(236-121j),(181-199j),(122-237j),(56-260j),(-11-270j),(-70-279j),(-121-249j),(-171-232j),(-208-213j),(-255-184j),(-299-166j),(-327-124j),(-352-89j),(-378-48j),(-391-3j),(-412+56j),(-425+114j),(-420+177j),(-428+243j),(-398+286j),(-375+350j),(-342+402j),(-294+448j),(-242+508j),(-177+554j),(-125+594j),0j,(19+654j),(95+622j),(190+639j),(277+622j),(371+597j),(445+563j),(505+482j),(589+443j),(636+340j),(706+247j),(749+136j),(767+14j),(760-99j),(737-219j),(675-324j),(628-472j),(524-570j),(402-683j),(268-741j),(86-765j),(-105-746j),(-284-689j),(-455-568j),(-626-411j),(-727-174j),(-737+121j),(-586+416j),(10246+5376j),(-12880-32640j),(128+0j),0j
38182b2eef40,1747747451.2494102,0j,0j,0j,(-5120+5120j),(228-41j),(176-163j),(76-225j),(-19-246j),(-107-220j),(-178-182j),(-223-127j),(-256-67j),(-272-10j),(-275+57j),(-274+119j),(-249+184j),(-217+244j),(-174+288j),(-124+334j),(-66+371j),(15+398j),(100+407j),(178+395j),(258+377j),(330+347j),(390+300j),(464+227j),(510+147j),(540+65j),(557-29j),(551-127j),(530-227j),0j,(452-470j),(365-530j),(267-610j),(154-669j),(32-694j),(-101-698j),(-223-665j),(-360-612j),(-479-539j),(-600-451j),(-692-327j),(-749-170j),(-757-10j),(-724+153j),(-674+312j),(-577+464j),(-458+607j),(-290+698j),(-102+755j),(103+739j),(312+647j),(495+534j),(642+336j),(725+91j),(692-208j),(520-488j),(196-670j),(10246+5376j),(-12880-32640j),(128+0j),0j
38182b2eef40,1747747451.2594237,0j,0j,0j,(-5120+5120j),(-115+218j),(-4+262j),(114+246j),(193+190j),(252+129j),(273+59j),(286-13j),(287-80j),(265-149j),(241-209j),(210-245j),(174-297j),(132-337j),(91-371j),(25-413j),(-35-418j),(-100-429j),(-169-420j),(-241-406j),(-308-381j),(-374-348j),(-445-296j),(-488-252j),(-547-182j),(-575-108j),(-593-36j),(-605+54j),(-618+130j),0j,(-599+357j),(-531+400j),(-488+469j),(-437+568j),(-352+649j),(-262+697j),(-151+716j),(-54+746j),(58+750j),(187+757j),(319+729j),(441+649j),(539+573j),(624+475j),(698+348j),(766+209j),(786+39j),(765-130j),(724-286j),(635-442j),(492-587j),(313-683j),(96-730j),(-143-740j),(-383-642j),(-609-432j),(-726-101j),(10246+5376j),(-12880-32640j),(128+0j),0j
38182b2eef40,1747747451.2693808,0j,0j,0j,(-5120+5120j),(-291-13j),(-257+151j),(-163+267j),(-41+316j),(75+300j),(179+268j),(254+203j),(306+129j),(352+42j),(355-60j),(338-144j),(303-226j),(261-302j),(195-376j),(119-429j),(32-464j),(-67-476j),(-159-463j),(-268-447j),(-371-400j),(-464-342j),(-525-253j),(-579-150j),(-605-32j),(-615+93j),(-620+217j),(-568+330j),(-517+449j),0j,(-327+667j),(-207+698j),(-60+741j),(97+758j),(251+734j),(384+681j),(514+588j),(630+481j),(721+341j),(797+175j),(827-8j),(801-214j),(745-386j),(643-533j),(488-672j),(325-767j),(108-819j),(-115-826j),(-319-759j),(-520-621j),(-673-432j),(-767-185j),(-776+92j),(-701+374j),(-485+616j),(-152+759j),(242+714j),(10246+5376j),(-12624-32640j),(128+0j),0j
38182b2eef40,1747747451.279451,0j,0j,0j,(-5120+5120j),(-86+293j),(72+325j),(215+264j),(304+153j),(339+42j),(340-66j),(319-160j),(279-244j),(216-302j),(150-349j),(77-387j),(-7-414j),(-89-422j),(-167-413j),(-236-406j),(-305-380j),(-384-338j),(-448-273j),(-501-198j),(-543-117j),(-579-31j),(-591+54j),(-594+165j),(-578+249j),(-554+342j),(-513+431j),(-444+510j),(-378+586j),0j,(-160+722j),(-67+728j),(46+755j),(175+759j),(295+742j),(418+692j),(524+605j),(624+510j),(699+403j),(774+276j),(828+142j),(841-20j),(822-171j),(769-316j),(693-456j),(585-602j),(439-723j),(252-805j),(56-834j),(-154-804j),(-363-713j),(-540-579j),(-688-385j),(-781-140j),(-775+151j),(-629+457j),(-333+682j),(10246+5376j),(-12624-32640j),(128+0j),0j
38182b2eef40,1747747451.2894058,0j,0j,0j,(-5120+5120j),(163-278j),(-20-328j),(-190-292j),(-310-191j),(-355-65j),(-355+60j),(-319+179j),(-242+284j),(-154+353j),(-46+383j),(47+396j),(150+380j),(247+344j),(320+288j),(387+220j),(451+156j),(492+50j),(510-69j),(484-178j),(442-293j),(401-390j),(311-485j),(206-559j),(98-594j),(-30-624j),(-150-627j),(-292-580j),(-405-504j),0j,(-634-334j),(-668-208j),(-719-59j),(-728+88j),(-700+257j),(-643+413j),(-528+532j),(-395+660j),(-260+723j),(-91+786j),(87+805j),(276+743j),(457+652j),(590+518j),(708+356j),(788+171j),(803-54j),(750-285j),(623-488j),(435-645j),(183-736j),(-57-759j),(-322-687j),(-561-526j),(-711-246j),(-733+120j),(-554+465j),(10246+5376j),(-12880-32640j),(128+0j),0j
38182b2eef40,1747747451.33178,0j,0j,0j,(-5120+5120j),(-317-298j),(-427-68j),(-409+171j),(-287+339j),(-126+417j),(34+432j),(180+395j),(308+317j),(392+214j),(438+96j),(449-24j),(438-138j),(398-242j),(341-337j),(270-413j),(178-480j),(65-522j),(-61-542j),(-180-528j),(-302-485j),(-409-424j),(-503-342j),(-569-236j),(-629-108j),(-661+31j),(-640+179j),(-583+316j),(-517+442j),0j,(-316+679j),(-155+708j),(-4+752j),(166+761j),(342+717j),(507+631j),(623+490j),(735+334j),(804+165j),(839-25j),(814-233j),(733-443j),(605-610j),(422-740j),(210-818j),(-26-845j),(-255-800j),(-480-676j),(-667-493j),(-781-251j),(-803+19j),(-746+292j),(-593+543j),(-332+729j),(14+803j),(387+681j),(668+351j),(10246+5376j),(-12624-32640j),(128+0j),0j
38182b2eef40,1747747451.3492332,0j,0j,0j,(-5120+5120j),(-22+429j),(186+409j),(355+285j),(441+112j),(457-50j),(423-186j),(361-296j),(265-390j),(179-448j),(75-473j),(-15-483j),(-15-483j),(-189-476j),(-279-447j),(-360-402j),(-430-346j),(-498-280j),(-547-209j),(-589-135j),(-625-58j),(-647+36j),(-641+124j),(-628+242j),(-598+332j),(-561+417j),(-508+496j),(-440+563j),(-364+670j),0j,(-182+787j),(-75+785j),(56+815j),(187+827j),(315+804j),(446+751j),(547+657j),(654+572j),(742+466j),(833+348j),(889+202j),(911+32j),(902-124j),(855-290j),(779-458j),(672-605j),(535-743j),(358-863j),(138-913j),(-99-890j),(-318-816j),(-513-684j),(-698-503j),(-832-261j),(-866+61j),(-756+417j),(-468+709j),(10246+5376j),(-12368-32640j),(128+0j),0j
38182b2eef40,1747747451.3893142,0j,0j,0j,(-5120+5120j),(-318+181j),(-117+346j),(106+351j),(264+251j),(351+96j),(372-52j),(316-193j),(212-304j),(92-372j),(-51-377j),(-170-338j),(-259-269j),(-339-193j),(-396-95j),(-410+22j),(-406+143j),(-349+249j),(-277+351j),(-174+430j),(-51+471j),(85+490j),(208+455j),(339+379j),(438+284j),(500+177j),(560+40j),(570-121j),(537-279j),0j,(338-554j),(143-599j),(-15-649j),(-196-642j),(-379-582j),(-546-461j),(-628-275j),(-716-89j),(-709+119j),(-656+317j),(-553+513j),(-365+663j),(-154+756j),(115+764j),(356+669j),(570+538j),(693+310j),(779+43j),(749-247j),(582-502j),(330-680j),(34-741j),(-270-695j),(-559-513j),(-724-163j),(-712+259j),(-416+614j),(10246+5376j),(-12880-32640j),(128+0j),0j
38182b2eef40,1747747451.3985143,0j,0j,0j,(-5120+5120j),(249+221j),(298-55j),(139-255j),(-84-296j),(-264-180j),(-336+12j),(-256+202j),(-91+315j),(103+323j),(258+215j),(341+41j),(341+41j),(210-274j),(56-349j),(-124-350j),(-286-248j),(-390-88j),(-387+122j),(-296+294j),(-123+415j),(82+433j),(286+359j),(433+181j),(485-44j),(412-282j),(238-461j),(-20-536j),(-282-476j),0j,(-607-61j),(-530+254j),(-360+486j),(-91+614j),(218+597j),(499+436j),(642+123j),(657-198j),(453-521j),(152-671j),(-231-679j),(-535-457j),(-698-128j),(-682+242j),(-464+577j),(-87+731j),(330+677j),(638+386j),(742-89j),(541-363j),(167-683j),(-246-607j),(-532-596j),(-836+126j),(-483+476j),(31+797j),(644+393j),(10246+5376j),(-12880-32640j),(128+0j),0j
38182b2eef40,1747747451.4184225,0j,0j,0j,(-5120+5120j),(113+381j),(323+273j),(430+41j),(412-146j),(321-282j),(177-395j),(38-443j),(-98-428j),(-224-369j),(-331-301j),(-399-206j),(-470-110j),(-448+17j),(-460+126j),(-442+208j),(-384+312j),(-308+423j),(-206+518j),(-102+560j),(32+573j),(159+587j),(297+550j),(383+479j),(506+421j),(605+299j),(671+164j),(694+23j),(719-132j),0j,(640-460j),(523-566j),(394-702j),(240-824j),(68-873j),(-158-875j),(-347-828j),(-562-721j),(-677-595j),(-873-399j),(-975-190j),(-980+72j),(-934+338j),(-829+545j),(-626+738j),(-370+883j),(-140+1011j),(142+1010j),(507+851j),(648+677j),(954+379j),(798+102j),(1645-631j),(443-564j),(245-852j),(-203-921j),(-562-724j),(10246+5376j),(-13136-32640j),(128+0j),0j
38182b2eef40,1747747451.4393845,0j,0j,0j,(-5120+5120j),(314+315j),(440+52j),(389-214j),(230-387j),(32-451j),(-155-425j),(-307-328j),(-402-205j),(-456-35j),(-443+121j),(-389+250j),(-297+349j),(-189+426j),(-72+470j),(60+484j),(191+465j),(308+402j),(412+308j),(491+200j),(540+67j),(564-81j),(549-215j),(473-367j),(386-487j),(269-579j),(123-654j),(-43-688j),(-232-684j),0j,(-586-521j),(-694-319j),(-790-134j),(-824+82j),(-792+319j),(-691+534j),(-521+678j),(-307+843j),(-69+907j),(196+906j),(458+838j),(692+671j),(880+428j),(972+136j),(955-187j),(849-494j),(636-744j),(338-925j),(-11-983j),(-376-894j),(-674-680j),(-890-364j),(-968+29j),(-867+439j),(-541+794j),(-31+949j),(519+777j),(10246+5376j),(-13136-32640j),(128+0j),0j
38182b2eef40,1747747451.4693217,0j,0j,0j,(-5120+5120j),(-175+450j),(57+465j),(264+386j),(363+242j),(437+118j),(431-11j),(419-136j),(363-252j),(290-324j),(220-376j),(147-409j),(147-409j),(4-436j),(-41-426j),(-103-428j),(-154-429j),(-214-405j),(-290-409j),(-318-365j),(-396-343j),(-430-288j),(-463-248j),(-518-175j),(-554-124j),(-596-61j),(-609+29j),(-636+96j),(-615+197j),0j,(-621+391j),(-588+483j),(-493+538j),(-450+667j),(-359+702j),(-254+809j),(-254+809j),(-12+876j),(118+877j),(302+892j),(434+816j),(605+720j),(719+628j),(811+461j),(925+328j),(956+127j),(1000-86j),(925-293j),(856-505j),(671-679j),(458-837j),(206-918j),(-84-968j),(-399-873j),(-689-686j),(-882-324j),(-943+122j),(10246+5376j),(-13392-32640j),(1152+0j),0j
38182b2eef40,1747747451.4781878,0j,0j,0j,(-5120+5120j),(-454+172j),(-269+385j),(-44+471j),(167+436j),(312+317j),(396+187j),(435+56j),(438-74j),(401-199j),(327-284j),(244-341j),(167-397j),(73-431j),(-15-442j),(-94-419j),(-179-409j),(-258-373j),(-340-325j),(-389-268j),(-459-200j),(-504-133j),(-537-40j),(-541+47j),(-540+150j),(-541+251j),(-500+354j),(-446+445j),(-345+559j),0j,(-145+707j),(-2+739j),(158+749j),(326+743j),(473+671j),(620+567j),(711+448j),(808+282j),(876+121j),(918-97j),(900-305j),(811-515j),(679-684j),(485-833j),(269-931j),(7-973j),(-262-954j),(-534-844j),(-754-665j),(-911-397j),(-956-94j),(-939+242j),(-809+547j),(-552+810j),(-170+972j),(308+918j),(728+603j),(10246+5376j),(-13136-32640j),(128+0j),0j
38182b2eef40,1747747451.4898634,0j,0j,0j,(-5120+5120j),(286-393j),(52-471j),(-179-417j),(-352-299j),(-440-146j),(-458+7j),(-433+138j),(-385+249j),(-296+319j),(-204+373j),(-107+404j),(-21+428j),(62+436j),(143+428j),(219+413j),(287+376j),(343+326j),(388+269j),(431+209j),(477+152j),(521+91j),(543+20j),(571-71j),(571-167j),(555-264j),(521-364j),(470-456j),(384-539j),0j,(213-703j),(85-753j),(-38-793j),(-172-791j),(-333-772j),(-472-721j),(-602-596j),(-731-512j),(-824-377j),(-917-206j),(-967-26j),(-941+183j),(-891+400j),(-787+577j),(-632+749j),(-458+890j),(-225+972j),(35+1022j),(290+973j),(547+826j),(751+597j),(907+354j),(994+38j),(949-312j),(730-671j),(357-917j),(-151-954j),(10246+5376j),(-13136-32640j),(128+0j),0j
38182b2eef40,1747747451.4983556,0j,0j,0j,(-5120+5120j),(-256-459j),(-457-230j),(-495+48j),(-436+266j),(-279+408j),(-112+462j),(38+470j),(185+445j),(315+349j),(401+257j),(401+257j),(473+27j),(471-69j),(444-170j),(407-239j),(360-326j),(289-406j),(208-472j),(110-537j),(5-553j),(-98-572j),(-201-551j),(-331-523j),(-438-461j),(-537-391j),(-621-298j),(-695-180j),(-712-22j),0j,(-745+304j),(-665+454j),(-587+593j),(-465+727j),(-307+823j),(-122+894j),(80+907j),(292+891j),(509+826j),(683+713j),(866+555j),(977+311j),(1024+62j),(1010-213j),(925-477j),(769-729j),(527-937j),(239-1044j),(-81-1074j),(-404-981j),(-718-773j),(-933-472j),(-1042-114j),(-1023+309j),(-804+707j),(-370+999j),(241+1027j),(10246+5376j),(-13136-32640j),(128+0j),0j
38182b2eef40,1747747451.5212538,0j,0j,0j,(-5120+5120j),(-127-316j),(-264-229j),(-331-81j),(-330+40j),(-305+141j),(-258+212j),(-197+284j),(-109+322j),(-28+330j),(40+329j),(95+319j),(140+317j),(140+317j),(230+258j),(267+234j),(296+215j),(350+173j),(373+113j),(389+75j),(397+30j),(433-10j),(438-74j),(438-130j),(430-194j),(419-240j),(412-285j),(390-341j),(361-431j),0j,(208-550j),(179-545j),(94-601j),(3-623j),(-88-642j),(-195-638j),(-275-618j),(-377-564j),(-462-517j),(-547-464j),(-617-393j),(-701-269j),(-747-142j),(-775+7j),(-741+158j),(-722+296j),(-641+445j),(-539+569j),(-385+696j),(-197+745j),(2+750j),(216+719j),(398+641j),(582+500j),(723+264j),(762-60j),(626-413j),(10246+5376j),(-12880-32640j),(128+0j),0j
38182b2eef40,1747747451.539126,0j,0j,0j,(-5120+5120j),(262+236j),(348+40j),(329-120j),(238-239j),(129-321j),(8-354j),(-107-336j),(-177-299j),(-262-253j),(-304-158j),(-338-93j),(-355-5j),(-342+65j),(-337+122j),(-319+181j),(-291+250j),(-251+308j),(-195+355j),(-138+395j),(-91+411j),(-10+439j),(64+448j),(138+449j),(233+432j),(307+411j),(368+370j),(432+292j),(519+226j),0j,(594+19j),(604-82j),(601-175j),(592-312j),(518-419j),(442-516j),(349-590j),(215-680j),(90-720j),(-53-749j),(-198-741j),(-373-665j),(-495-578j),(-621-438j),(-707-283j),(-776-113j),(-797+88j),(-747+301j),(-651+486j),(-465+645j),(-238+746j),(19+772j),(267+727j),(516+588j),(706+342j),(778-6j),(672-392j),(10246+5376j),(-12880-32640j),(128+0j),0j
38182b2eef40,1747747451.5418568,0j,0j,0j,(-5120+5120j),(215+317j),(371+162j),(385-64j),(309-226j),(195-331j),(56-390j),(-92-380j),(-193-335j),(-300-258j),(-351-151j),(-381-51j),(-396+48j),(-373+158j),(-313+243j),(-263+313j),(-174+385j),(-93+425j),(14+462j),(98+452j),(211+433j),(292+396j),(396+333j),(475+236j),(535+130j),(568+21j),(577-129j),(543-262j),(500-364j),0j,(301-577j),(160-658j),(11-702j),(-165-718j),(-309-662j),(-488-599j),(-613-446j),(-742-286j),(-779-109j),(-832+102j),(-782+307j),(-676+530j),(-504+688j),(-288+807j),(-58+864j),(210+861j),(474+764j),(664+555j),(804+343j),(874+38j),(825-253j),(668-562j),(406-787j),(45-879j),(-331-792j),(-676-521j),(-873-60j),(10246+5376j),(-12624-32640j),(128+0j),0j
38182b2eef40,1747747451.5796273,0j,0j,0j,(-5120+5120j),(28-363j),(-164-307j),(-292-185j),(-351-48j),(-342+88j),(-291+199j),(-212+280j),(-121+327j),(-27+358j),(70+353j),(161+333j),(243+288j),(304+234j),(346+172j),(370+110j),(396+43j),(408-29j),(410-113j),(386-192j),(353-273j),(311-345j),(268-399j),(188-464j),(110-506j),(18-531j),(-72-545j),(-167-530j),(-273-482j),0j,(-480-387j),(-550-320j),(-618-212j),(-680-87j),(-689+54j),(-690+196j),(-623+329j),(-571+457j),(-473+579j),(-340+699j),(-174+768j),(15+786j),(189+762j),(362+698j),(525+606j),(664+453j),(774+271j),(811+52j),(804-172j),(706-392j),(535-591j),(312-730j),(36-802j),(-262-760j),(-554-586j),(-742-266j),(-755+152j),(10246+5376j),(-12880-32640j),(128+0j),0j
38182b2eef40,1747747451.599544,0j,0j,0j,(-5120+5120j),(-295+218j),(-113+318j),(85+345j),(226+281j),(317+183j),(354+59j),(353-67j),(308-162j),(254-254j),(172-305j),(87-352j),(4-370j),(-75-364j),(-146-346j),(-227-309j),(-304-269j),(-364-207j),(-408-147j),(-432-60j),(-451+35j),(-447+125j),(-422+193j),(-408+279j),(-347+378j),(-282+447j),(-192+523j),(-91+553j),(22+591j),0j,(281+567j),(371+526j),(492+442j),(585+347j),(656+216j),(701+69j),(701-85j),(687-234j),(638-389j),(539-544j),(413-672j),(236-759j),(57-791j),(-139-782j),(-336-720j),(-513-608j),(-682-443j),(-781-236j),(-812-6j),(-760+230j),(-621+466j),(-436+660j),(-177+769j),(140+789j),(472+650j),(711+366j),(771-55j),(10246+5376j),(-12880-32640j),(128+0j),0j
38182b2eef40,1747747451.6084912,0j,0j,0j,(-5120+5120j),(230-290j),(44-334j),(-126-310j),(-234-234j),(-292-199j),(-341-107j),(-348+13j),(-344+89j),(-348+139j),(-290+218j),(-249+242j),(-206+315j),(-169+352j),(-117+367j),(-64+399j),(-30+414j),415j,(79+425j),(117+417j),(175+434j),(222+432j),(283+389j),(332+369j),(377+318j),(422+301j),(481+275j),(521+218j),(540+164j),0j,(620-7j),(622-43j),(639-131j),(641-221j),(599-314j),(598-425j),(520-469j),(455-576j),(374-617j),(312-710j),(206-784j),(84-777j),(-63-785j),(-177-764j),(-341-723j),(-471-630j),(-563-562j),(-681-423j),(-828-277j),(-746-86j),(-817+105j),(-591+329j),(-1200+463j),(-212+695j),(-69+767j),(215+786j),(438+605j),(10246+5376j),(-12880-32640j),(128+0j),0j
38182b2eef40,1747747451.628241,0j,0j,0j,(-5120+5120j),(328-99j),(235-268j),(84-346j),(-74-351j),(-196-297j),(-284-224j),(-331-128j),(-348-26j),(-346+61j),(-319+142j),(-279+216j),(-236+266j),(-185+319j),(-136+352j),(-73+386j),(-9+400j),(59+406j),(127+393j),(189+383j),(252+348j),(317+320j),(372+274j),(432+213j),(483+144j),(511+75j),(530-16j),(527-94j),(551-192j),0j,(486-383j),(395-457j),(339-550j),(248-616j),(142-674j),(25-692j),(-96-677j),(-235-667j),(-361-627j),(-498-555j),(-611-461j),(-700-325j),(-753-174j),(-771-12j),(-751+160j),(-709+335j),(-615+505j),(-479+656j),(-295+754j),(-75+792j),(164+764j),(371+667j),(575+506j),(723+277j),(771-31j),(673-363j),(396-641j),(10246+5376j),(-12880-32640j),(128+0j),0j
38182b2eef40,1747747451.640051,0j,0j,0j,(-5120+5120j),(-176+288j),(-6+341j),(163+298j),(258+204j),(321+119j),(323+17j),(329-68j),(301-152j),(277-229j),(208-277j),(165-318j),(89-359j),(19-373j),(-47-367j),(-101-351j),(-141-342j),(-192-332j),(-250-323j),(-306-271j),(-360-246j),(-398-196j),(-439-156j),(-465-83j),(-482-15j),(-498+76j),(-496+144j),(-497+202j),(-462+280j),0j,(-416+450j),(-367+519j),(-277+561j),(-189+639j),(-74+664j),(25+697j),(142+675j),(250+649j),(360+631j),(506+563j),(610+477j),(674+335j),(719+209j),(744+73j),(772-74j),(723-261j),(672-419j),(531-553j),(411-667j),(217-735j),(-5-766j),(-236-724j),(-449-625j),(-629-441j),(-746-170j),(-743+162j),(-586+508j),(10246+5376j),(-12880-32640j),(128+0j),0j
38182b2eef40,1747747451.6629496,0j,0j,0j,(-5120+5120j),(165+310j),(297+160j),(340-10j),(305-153j),(229-255j),(133-314j),(31-336j),(-73-326j),(-160-299j),(-225-253j),(-274-202j),(-309-148j),(-339-91j),(-358-32j),(-368+38j),(-370+104j),(-351+168j),(-323+229j),(-287+287j),(-249+334j),(-195+377j),(-120+418j),(-65+453j),(15+475j),(93+486j),(170+483j),(237+466j),(354+413j),0j,(522+286j),(534+236j),(600+134j),(640+21j),(644-104j),(626-229j),(576-330j),(515-457j),(429-554j),(318-641j),(189-706j),(40-736j),(-125-736j),(-281-696j),(-434-606j),(-573-487j),(-681-335j),(-750-147j),(-770+57j),(-716+264j),(-589+456j),(-423+612j),(-191+716j),(75+746j),(362+652j),(610+418j),(728+58j),(10246+5376j),(-12880-32640j),(128+0j),0j
38182b2eef40,1747747451.6892242,0j,0j,0j,(-5120+5120j),(340-360j),(66-482j),(-198-455j),(-389-321j),(-477-143j),(-475+33j),(-428+200j),(-353+329j),(-238+418j),(-109+469j),(17+489j),(139+468j),(261+420j),(356+355j),(421+276j),(479+210j),(534+105j),(576-14j),(557-135j),(531-255j),(486-364j),(408-458j),(328-549j),(224-645j),(105-702j),(-66-727j),(-195-719j),(-353-677j),0j,(-675-515j),(-766-377j),(-847-195j),(-891-3j),(-882+185j),(-859+385j),(-739+581j),(-620+755j),(-436+884j),(-206+1001j),(38+1027j),(309+989j),(538+893j),(763+719j),(931+479j),(1024+198j),(1044-82j),(981-394j),(835-668j),(560-883j),(237-1014j),(-125-1028j),(-502-907j),(-829-631j),(-1021-215j),(-984+304j),(-664+788j),(10246+5376j),(-13136-32640j),(128+0j),0j
38182b2eef40,1747747451.7194636,0j,0j,0j,(-5120+5120j),(-287+429j),(35+493j),(294+427j),(436+268j),(492+73j),(479-101j),(417-258j),(326-369j),(208-477j),(67-506j),(-67-504j),(-179-474j),(-277-432j),(-367-375j),(-440-310j),(-499-219j),(-544-116j),(-573-6j),(-584+107j),(-569+227j),(-533+341j),(-460+430j),(-366+531j),(-274+600j),(-184+654j),(-73+705j),(57+725j),(239+738j),0j,(532+627j),(622+528j),(755+414j),(841+261j),(904+86j),(924-99j),(882-278j),(809-503j),(699-672j),(540-824j),(355-947j),(134-1009j),(-106-1014j),(-343-962j),(-577-843j),(-796-674j),(-959-434j),(-1060-138j),(-1059+168j),(-927+478j),(-716+737j),(-433+900j),(-83+993j),(293+984j),(671+770j),(950+353j),(969-180j),(10246+5376j),(-13136-32640j),(128+0j),0j
38182b2eef40,1747747451.7283216,0j,0j,0j,(-5120+5120j),(217-412j),(-43-471j),(-266-396j),(-395-250j),(-454-106j),(-465+32j),(-448+173j),(-366+285j),(-298+370j),(-205+426j),(-112+473j),(-27+495j),(68+497j),(146+494j),(228+470j),(304+453j),(376+395j),(443+339j),(479+268j),(536+205j),(568+141j),(616+55j),(638-30j),(655-139j),(643-211j),(612-299j),(577-369j),(527-490j),0j,(391-704j),(291-761j),(174-805j),(31-875j),(-103-861j),(-251-863j),(-366-785j),(-519-749j),(-652-663j),(-787-555j),(-890-405j),(-950-223j),(-992-40j),(-972+153j),(-951+360j),(-823+561j),(-693+751j),(-474+869j),(-279+969j),(1+982j),(275+940j),(542+824j),(755+625j),(909+330j),(965-28j),(851-437j),(526-790j),(10246+5376j),(-13136-32640j),(128+0j),0j
38182b2eef40,1747747451.7585835,0j,0j,0j,(-5120+5120j),(460+208j),(501-35j),(448-221j),(365-356j),(247-441j),(127-484j),(8-513j),(-103-490j),(-197-466j),(-293-437j),(-358-379j),(-407-341j),(-447-289j),(-474-239j),(-515-192j),(-536-130j),(-559-91j),(-590-19j),(-590+51j),(-597+88j),(-612+150j),(-605+208j),(-605+257j),(-599+326j),(-571+400j),(-541+449j),(-519+503j),(-455+559j),0j,(-402+716j),(-344+746j),(-296+808j),(-190+844j),(-100+873j),(-26+931j),(88+925j),(214+931j),(329+914j),(448+894j),(549+828j),(663+720j),(775+661j),(854+524j),(977+372j),(1066+245j),(977+72j),(980-37j),(1019-318j),(868-511j),(770-489j),(605-1111j),(276-1313j),(-23-1117j),(-405-1158j),(-740-841j),(-846-318j),(10246+5376j),(-13136-32640j),(128+0j),0j
38182b2eef40,1747747451.7690275,0j,0j,0j,(-5120+5120j),(-19+447j),(457+98j),(229-432j),(-330-376j),(-478+150j),(-73+491j),(400+288j),(447-207j),(30-496j),(-415-279j),(-459+207j),(-80+499j),(372+348j),(503-108j),(203-484j),(-288-451j),(-545-20j),(-335+444j),(173+543j),(556+181j),(485-355j),(-6-637j),(-521-374j),(-626+208j),(-210+646j),(407+563j),(718+6j),(426-556j),0j,(-784-311j),(-631+526j),(80+833j),(744+416j),(780-379j),(139-873j),(-637-618j),(-904+189j),(-356+874j),(538+791j),(965-17j),(517-823j),(-414-888j),(-980-126j),(-630+772j),(336+942j),(980+188j),(649-745j),(-323-924j),(-956-172j),(-570+796j),(386+890j),(969+35j),(410-872j),(-667-671j),(-826+434j),(208+905j),(10246+5376j),(-13136-32640j),(1152+0j),0j
38182b2eef40,1747747451.779327,0j,0j,0j,(-5120+5120j),(-165+467j),(100+495j),(311+400j),(453+234j),(504+78j),(504-58j),(481-193j),(407-315j),(332-388j),(221-451j),(133-487j),(32-504j),(-55-521j),(-132-515j),(-221-498j),(-282-480j),(-350-435j),(-410-398j),(-467-350j),(-467-350j),(-577-232j),(-627-146j),(-655-83j),(-677+10j),(-688+94j),(-676+219j),(-657+311j),(-672+382j),0j,(-561+597j),(-508+647j),(-447+715j),(-325+820j),(-180+872j),(-36+919j),(108+917j),(233+908j),(381+888j),(527+834j),(676+749j),(808+591j),(915+449j),(974+292j),(1004+101j),(1022-96j),(977-312j),(875-525j),(740-722j),(531-880j),(269-969j),(12-1011j),(-292-947j),(-580-821j),(-828-535j),(-965-123j),(-913+340j),(10246+5376j),(-13136-32640j),(1152+0j),0j
38182b2eef40,1747747451.7893403,0j,0j,0j,(-5120+5120j),(388+305j),(511+36j),(464-201j),(303-401j),(133-484j),(-47-507j),(-197-470j),(-332-389j),(-444-289j),(-497-145j),(-519-24j),(-502+92j),(-468+205j),(-420+305j),(-358+407j),(-286+486j),(-177+539j),(-65+578j),(53+585j),(173+591j),(279+562j),(375+483j),(463+439j),(559+359j),(646+281j),(707+168j),(742+27j),(763-100j),0j,(695-416j),(605-567j),(497-683j),(349-787j),(168-858j),(-3-902j),(-171-886j),(-375-859j),(-558-771j),(-742-650j),(-877-482j),(-959-270j),(-991-44j),(-970+220j),(-913+458j),(-761+685j),(-568+893j),(-278+1001j),(13+1049j),(313+966j),(593+801j),(804+543j),(981+237j),(989-136j),(841-530j),(472-828j),(-34-951j),(10246+5376j),(-13136-32640j),(1152+0j),0j
38182b2eef40,1747747451.8018768,0j,0j,0j,(-5120+5120j),(-254-394j),(-430-190j),(-488+25j),(-438+214j),(-334+337j),(-210+420j),(-80+458j),(54+497j),(151+467j),(260+427j),(341+362j),(406+291j),(463+209j),(507+139j),(537+56j),(552-24j),(548-111j),(533-181j),(514-275j),(487-355j),(445-437j),(393-477j),(317-559j),(246-604j),(153-668j),(77-701j),(-15-713j),(-117-724j),0j,(-352-693j),(-445-655j),(-557-614j),(-670-535j),(-773-437j),(-846-313j),(-883-167j),(-916-25j),(-920+134j),(-903+303j),(-859+461j),(-745+617j),(-617+748j),(-470+843j),(-293+931j),(-99+972j),(135+971j),(383+921j),(576+804j),(749+624j),(870+387j),(931+116j),(918-181j),(818-484j),(567-745j),(202-922j),(-247-885j),(10246+5376j),(-13136-32640j),(128+0j),0j
38182b2eef40,1747747451.829332,0j,0j,0j,0j,(-359+316j),(-155+438j),(73+469j),(251+414j),(366+324j),(435+218j),(477+91j),(493-44j),(466-163j),(428-261j),(373-339j),(314-400j),(248-441j),(183-479j),(120-514j),(44-540j),(-38-558j),(-109-553j),(-185-541j),(-250-530j),(-322-494j),(-412-462j),(-473-420j),(-544-373j),(-612-321j),(-651-263j),(-680-193j),(-760-65j),0j,(-780+134j),(-764+204j),(-754+325j),(-729+444j),(-685+560j),(-600+670j),(-489+743j),(-367+834j),(-247+890j),(-111+930j),(42+951j),(213+934j),(382+887j),(536+807j),(677+696j),(808+550j),(898+379j),(954+171j),(965-43j),(912-288j),(801-512j),(609-722j),(366-863j),(91-936j),(-240-897j),(-583-716j),(-825-352j),(10246+5376j),(-13136-32640j),(128+0j),0j
38182b2eef40,1747747451.8409953,0j,0j,0j,(-5120+5120j),(-109-492j),(-310-419j),(-434-262j),(-481-95j),(-482+45j),(-467+160j),(-444+244j),(-400+324j),(-354+395j),(-305+436j),(-253+457j),(-201+478j),(-149+500j),(-112+514j),(-77+530j),(-44+543j),(-3+559j),(41+576j),(84+592j),(122+590j),(157+593j),(175+622j),(231+610j),(273+607j),(317+608j),(358+608j),(397+608j),(442+616j),0j,(604+581j),(579+596j),(644+567j),(709+521j),(774+459j),(813+423j),(857+355j),(873+313j),(916+227j),(941+154j),(965+52j),(958-66j),(945-164j),(934-277j),(993-401j),(942-516j),(808-590j),(628-733j),(597-879j),(343-939j),(59-960j),(-314-918j),(-284-907j),(-461-809j),(-718-676j),(-959-429j),(-865-73j),(10246+5376j),(-13136-32640j),0j,0j
38182b2eef40,1747747451.8592987,0j,0j,0j,(-5120+5120j),(282-454j),(-65-496j),(-340-371j),(-495-139j),(-492+113j),(-386+320j),(-210+459j),(7+496j),(193+470j),(353+365j),(467+225j),(527+60j),(533-123j),(468-283j),(360-418j),(213-512j),(48-562j),(-127-572j),(-300-522j),(-455-429j),(-573-285j),(-641-99j),(-653+82j),(-625+276j),(-542+451j),(-400+613j),(-210+720j),(14+739j),0j,(485+672j),(656+499j),(793+286j),(887+32j),(863-236j),(767-510j),(572-695j),(314-881j),(30-950j),(-302-924j),(-593-798j),(-837-551j),(-979-243j),(-988+113j),(-903+449j),(-669+747j),(-366+957j),(30+1018j),(421+930j),(735+664j),(951+286j),(957-136j),(808-565j),(449-884j),(-71-989j),(-582-760j),(-910-236j),(10246+5376j),(-13136-32640j),(128+0j),0j
38182b2eef40,1747747451.8689985,0j,0j,0j,(-5120+5120j),(438+178j),(213-473j),(-460-275j),(-346+400j),(298+411j),(460-164j),(-10-478j),(-482-139j),(-304+381j),(258+426j),(498-89j),(106-498j),(-421-295j),(-446+267j),(57+530j),(518+179j),(392-406j),(-207-542j),(-595-47j),(-310+531j),(354+525j),(645-93j),(199-644j),(-508-471j),(-662+259j),(-58+728j),(647+384j),(589-387j),0j,(-741-315j),(-573+646j),(360+804j),(893+4j),(375-818j),(-587-691j),(-878+243j),(-156+929j),(809+533j),(828-546j),(-189-989j),(-991-203j),(-565+840j),(554+840j),(985-189j),(194-989j),(-855-541j),(-805+612j),(303+955j),(988+22j),(282-965j),(-786-572j),(-760+613j),(432+885j),(954-269j),(-132-974j),(-959+29j),(10246+5376j),(-13136-32640j),(128+0j),0j
38182b2eef40,1747747451.879488,0j,0j,0j,(-5120+5120j),(301-370j),(67-468j),(-167-435j),(-338-333j),(-429-165j),(-478-32j),(-449+114j),(-421+229j),(-357+335j),(-247+406j),(-154+464j),(-56+469j),(58+506j),(125+501j),(215+481j),(308+450j),(378+397j),(462+315j),(522+254j),(579+159j),(624+77j),(601-25j),(623-119j),(611-212j),(568-313j),(544-433j),(501-519j),(442-600j),0j,(197-787j),(86-774j),(-58-822j),(-221-818j),(-372-791j),(-503-732j),(-646-622j),(-723-503j),(-807-352j),(-895-199j),(-954-16j),(-933+201j),(-890+384j),(-793+555j),(-646+727j),(-454+851j),(-240+913j),(-12+971j),(216+951j),(488+810j),(676+629j),(848+415j),(929+103j),(908-232j),(717-562j),(417-822j),(-40-885j),(10246+5376j),(-13136-32640j),(128+0j),0j
38182b2eef40,1747747451.8893383,0j,0j,0j,(-5120+5120j),(-399+254j),(-145+440j),(131+457j),(352+322j),(463+127j),(469-84j),(398-259j),(276-406j),(108-471j),(-69-480j),(-223-437j),(-364-352j),(-460-233j),(-516-81j),(-523+64j),(-491+219j),(-424+352j),(-311+470j),(-187+545j),(-24+591j),(139+597j),(317+555j),(443+453j),(559+323j),(657+182j),(700-18j),(687-219j),(609-408j),0j,(354-700j),(134-787j),(-84-814j),(-323-793j),(-548-683j),(-750-493j),(-828-256j),(-902+11j),(-881+262j),(-785+538j),(-598+761j),(-324+905j),(-36+957j),(275+909j),(564+787j),(805+541j),(960+224j),(967-141j),(851-490j),(584-759j),(242-905j),(-150-918j),(-530-779j),(-814-458j),(-930+1j),(-755+495j),(-318+839j),(10246+5376j),(-13136-32640j),(128+0j),0j
38182b2eef40,1747747451.8992934,0j,0j,0j,(-5120+5120j),(327+365j),(463+170j),(480-53j),(425-232j),(325-362j),(211-439j),(90-495j),(-26-488j),(-146-482j),(-235-447j),(-324-401j),(-398-333j),(-463-259j),(-518-184j),(-544-116j),(-572-50j),(-574+31j),(-582+110j),(-579+189j),(-562+270j),(-528+350j),(-496+427j),(-453+494j),(-396+560j),(-336+621j),(-259+690j),(-154+718j),(-70+775j),0j,(155+823j),(234+792j),(349+777j),(479+735j),(578+664j),(689+612j),(778+497j),(853+376j),(922+241j),(975+95j),(989-85j),(963-263j),(900-436j),(811-578j),(703-723j),(532-845j),(350-958j),(135-1020j),(-82-1013j),(-334-944j),(-559-805j),(-761-631j),(-917-359j),(-982-47j),(-928+302j),(-714+629j),(-328+876j),(10246+5376j),(-13136-32640j),(1152+0j),0j
38182b2eef40,1747747451.9093645,0j,0j,0j,(-5120+5120j),(-375+314j),(-73+464j),(216+420j),(407+262j),(471+40j),(446-169j),(322-345j),(175-442j),(-30-490j),(-199-451j),(-332-354j),(-424-237j),(-493-99j),(-500+71j),(-467+225j),(-371+353j),(-268+478j),(-113+539j),(56+572j),(217+549j),(379+482j),(521+359j),(612+204j),(667+12j),(655-170j),(582-363j),(462-529j),(308-673j),0j,(-113-812j),(-341-706j),(-556-618j),(-736-441j),(-857-194j),(-883+65j),(-800+318j),(-693+588j),(-482+774j),(-217+922j),(97+963j),(413+885j),(684+709j),(882+434j),(976+91j),(949-252j),(787-594j),(513-840j),(161-961j),(-231-941j),(-578-729j),(-838-413j),(-934-10j),(-828+432j),(-512+796j),(19+930j),(564+714j),(10246+5376j),(-13136-32640j),(128+0j),0j
38182b2eef40,1747747451.929248,0j,0j,0j,(-5120+5120j),(-489+13j),(-398+248j),(-257+411j),(-93+482j),(47+482j),(172+449j),(277+398j),(366+336j),(431+260j),(475+178j),(493+95j),(506+12j),(517-65j),(514-138j),(507-194j),(498-249j),(477-314j),(442-383j),(404-442j),(365-504j),(326-562j),(283-587j),(212-642j),(149-665j),(91-696j),(32-728j),(-34-756j),(-86-739j),0j,(-377-763j),(-386-714j),(-484-690j),(-588-655j),(-693-602j),(-775-524j),(-803-397j),(-887-308j),(-927-197j),(-974-71j),(-998+69j),(-982+232j),(-938+386j),(-866+526j),(-765+658j),(-641+782j),(-489+892j),(-303+981j),(-93+1018j),(138+995j),(357+916j),(571+786j),(759+604j),(909+365j),(976+44j),(894-325j),(634-666j),(10246+5376j),(-13136-32640j),(128+0j),0j
38182b2eef40,1747747451.9395094,0j,0j,0j,(-5120+5120j),(493+26j),(337-331j),(-25-486j),(-360-331j),(-499-12j),(-402+284j),(-153+460j),(162+456j),(417+290j),(480+15j),(400-261j),(216-455j),(-14-531j),(-277-448j),(-493-231j),(-565+34j),(-466+294j),(-286+502j),(-14+588j),(282+563j),(537+339j),(656+63j),(598-262j),(407-540j),(111-695j),(-241-712j),(-519-505j),(-724-180j),0j,(-578+554j),(-260+766j),(148+800j),(571+683j),(836+295j),(939-189j),(703-607j),(274-901j),(-205-920j),(-677-733j),(-975-315j),(-974+263j),(-705+722j),(-218+954j),(318+977j),(782+620j),(1037+71j),(877-529j),(436-950j),(-189-980j),(-724-676j),(-998-101j),(-848+550j),(-302+957j),(420+885j),(898+315j),(801-480j),(10246+5376j),(-13136-32640j),(128+0j),0j
38182b2eef40,1747747451.9498448,0j,0j,0j,(-5120+5120j),(-9-465j),(-257-404j),(-405-234j),(-458-51j),(-449+113j),(-396+249j),(-299+348j),(-201+417j),(-102+480j),(11+487j),(108+473j),(201+444j),(298+415j),(364+373j),(438+310j),(489+242j),(518+167j),(551+87j),(587+5j),(588-85j),(603-179j),(582-264j),(525-367j),(481-445j),(433-515j),(366-607j),(309-672j),(219-721j),0j,(-46-832j),(-133-794j),(-274-795j),(-405-747j),(-554-704j),(-670-613j),(-739-493j),(-840-345j),(-880-219j),(-943-58j),(-976+110j),(-929+316j),(-846+495j),(-736+629j),(-580+766j),(-416+902j),(-188+964j),(54+991j),(283+945j),(517+808j),(715+624j),(838+384j),(918+112j),(910-188j),(757-515j),(467-792j),(30-895j),(10246+5376j),(-13136-32640j),(128+0j),0j
38182b2eef40,1747747451.9591966,0j,0j,0j,(-5120+5120j),(418-297j),(176-454j),(-74-482j),(-279-407j),(-413-273j),(-478-119j),(-490+32j),(-457+172j),(-401+292j),(-315+388j),(-217+459j),(-111+507j),(1+527j),(109+525j),(213+504j),(309+463j),(397+407j),(477+335j),(544+251j),(604+155j),(645+43j),(638-89j),(649-199j),(618-312j),(570-424j),(498-535j),(399-636j),(282-723j),0j,(32-851j),(-125-816j),(-279-811j),(-441-772j),(-603-691j),(-743-567j),(-807-415j),(-923-243j),(-969-63j),(-984+139j),(-945+354j),(-844+562j),(-691+736j),(-505+871j),(-286+971j),(-36+1019j),(232+998j),(491+905j),(721+736j),(905+491j),(991+180j),(985-141j),(869-452j),(642-730j),(291-926j),(-170-952j),(-627-728j),(10246+5376j),(-13136-32640j),(128+0j),0j
38182b2eef40,1747747451.9696684,0j,0j,0j,(-5120+5120j),(-444-56j),(-410+188j),(-267+360j),(-92+436j),(68+443j),(197+411j),(307+342j),(398+244j),(446+144j),(470+31j),(481-72j),(472-167j),(437-262j),(386-343j),(325-406j),(261-465j),(190-525j),(97-565j),(-7-591j),(-100-600j),(-191-597j),(-279-581j),(-377-538j),(-463-475j),(-551-414j),(-630-343j),(-698-245j),(-718-118j),0j,(-795+121j),(-774+236j),(-740+363j),(-682+497j),(-601+631j),(-494+748j),(-372+828j),(-225+893j),(-61+934j),(125+951j),(322+923j),(506+841j),(660+724j),(792+586j),(901+411j),(975+193j),(993-50j),(945-294j),(836-520j),(664-717j),(438-853j),(134-929j),(-178-916j),(-484-805j),(-757-568j),(-919-189j),(-872+278j),(10246+5376j),(-13136-32640j),(1152+0j),0j
38182b2eef40,1747747451.9891484,0j,0j,0j,(-5120+5120j),(-379-277j),(-481-36j),(-449+199j),(-335+362j),(-192+451j),(-46+487j),(95+480j),(224+436j),(333+372j),(413+287j),(472+193j),(509+97j),(522-1j),(524-93j),(516-182j),(496-273j),(456-365j),(398-446j),(328-514j),(250-569j),(163-619j),(73-642j),(-41-672j),(-143-674j),(-243-666j),(-344-643j),(-443-605j),(-546-531j),0j,(-775-368j),(-790-249j),(-851-112j),(-886+36j),(-893+190j),(-867+345j),(-804+496j),(-717+625j),(-607+756j),(-468+877j),(-293+968j),(-93+1013j),(110+1006j),(308+958j),(507+877j),(699+754j),(870+577j),(990+356j),(1037+100j),(1009-173j),(890-456j),(705-682j),(444-873j),(116-984j),(-274-959j),(-661-743j),(-921-327j),(10246+5376j),(-13136-32640j),(128+0j),0j
38182b2eef40,1747747452.0091734,0j,0j,0j,(-5120+5120j),(418+243j),(491-3j),(427-238j),(287-386j),(115-471j),(-51-485j),(-197-445j),(-317-388j),(-402-284j),(-471-181j),(-511-66j),(-528+50j),(-515+163j),(-484+257j),(-437+352j),(-380+430j),(-296+502j),(-209+561j),(-109+594j),(1+628j),(96+620j),(198+615j),(307+598j),(440+548j),(540+485j),(624+384j),(704+297j),(755+176j),0j,(839-71j),(810-224j),(787-362j),(724-524j),(628-650j),(514-780j),(340-836j),(169-949j),(-26-962j),(-212-978j),(-423-926j),(-617-812j),(-762-667j),(-882-480j),(-988-285j),(-1020-11j),(-1010+227j),(-899+480j),(-761+689j),(-522+867j),(-214+958j),(81+986j),(422+897j),(698+687j),(917+345j),(943-83j),(778-548j),(10246+5376j),(-13136-32640j),(128+0j),0j
38182b2eef40,1747747452.0191855,0j,0j,0j,(-5120+5120j),(194+453j),(403+285j),(490+22j),(439-226j),(305-385j),(148-466j),(-13-488j),(-195-455j),(-322-381j),(-432-263j),(-494-123j),(-514+14j),(-501+141j),(-457+262j),(-396+372j),(-310+466j),(-197+542j),(-70+590j),(68+613j),(213+598j),(351+544j),(476+458j),(580+355j),(664+230j),(724+81j),(744-87j),(717-247j),(646-407j),0j,(424-742j),(251-795j),(66-851j),(-124-872j),(-332-841j),(-546-756j),(-724-590j),(-885-406j),(-968-174j),(-997+79j),(-952+332j),(-829+581j),(-648+786j),(-409+938j),(-135+1019j),(172+1015j),(473+917j),(737+716j),(930+440j),(1019+102j),(964-239j),(807-576j),(527-837j),(142-975j),(-307-937j),(-723-646j),(-950-131j),(10246+5376j),(-13136-32640j),(128+0j),0j
38182b2eef40,1747747452.0292554,0j,0j,0j,(-5120+5120j),(227-471j),(-84-498j),(-327-392j),(-462-229j),(-488-17j),(-472+143j),(-385+283j),(-279+403j),(-171+477j),(-25+498j),(82+511j),(194+456j),(298+431j),(399+367j),(475+276j),(554+191j),(585+69j),(596-41j),(588-161j),(553-267j),(530-378j),(442-472j),(375-563j),(256-650j),(167-691j),(40-738j),(-119-750j),(-273-715j),0j,(-571-626j),(-670-493j),(-792-372j),(-847-227j),(-927-39j),(-944+154j),(-859+299j),(-809+522j),(-677+694j),(-531+825j),(-381+964j),(-104+1013j),(127+1032j),(372+969j),(613+819j),(811+663j),(931+399j),(1027+155j),(1029-152j),(902-441j),(723-684j),(428-878j),(126-979j),(-244-961j),(-613-764j),(-886-401j),(-926+136j),(10246+5376j),(-13136-32640j),(128+0j),0j
38182b2eef40,1747747452.0391808,0j,0j,0j,(-5120+5120j),(-137-463j),(-336-344j),(-453-151j),(-485+47j),(-441+206j),(-356+332j),(-241+429j),(-132+480j),(-26+492j),(98+483j),(210+462j),(312+436j),(372+389j),(435+334j),(483+264j),(529+184j),(548+88j),(581-5j),(600-78j),(610-162j),(585-243j),(559-349j),(523-436j),(463-517j),(406-591j),(299-658j),(223-725j),(101-789j),0j,(-138-819j),(-214-832j),(-351-786j),(-499-744j),(-629-658j),(-738-578j),(-807-432j),(-899-307j),(-967-164j),(-1001+13j),(-994+198j),(-936+401j),(-867+565j),(-731+701j),(-591+842j),(-385+947j),(-170+1034j),(90+1021j),(333+985j),(559+836j),(769+633j),(903+403j),(1000+122j),(967-222j),(819-577j),(471-860j),(6-979j),(10246+5376j),(-13136-32640j),(128+0j),0j
38182b2eef40,1747747452.0491927,0j,0j,0j,(-5120+5120j),(20+494j),(287+380j),(456+190j),(495-27j),(437-215j),(333-338j),(210-434j),(58-473j),(-104-492j),(-232-441j),(-342-372j),(-423-276j),(-499-178j),(-535-60j),(-538+52j),(-530+180j),(-490+289j),(-448+402j),(-350+488j),(-258+580j),(-143+623j),(-37+667j),(111+666j),(254+663j),(397+625j),(504+536j),(619+440j),(694+293j),0j,(846+8j),(830-180j),(791-336j),(746-504j),(616-656j),(450-816j),(268-888j),(64-957j),(-129-973j),(-365-939j),(-580-848j),(-778-648j),(-927-457j),(-1004-210j),(-1035+48j),(-967+324j),(-867+599j),(-639+799j),(-374+981j),(-49+1030j),(289+951j),(584+793j),(850+530j),(984+177j),(964-267j),(710-677j),(234-934j),(10246+5376j),(-13136-32640j),(128+0j),0j
38182b2eef40,1747747452.0591764,0j,0j,0j,(-5120+5120j),(-31+474j),(226+433j),(403+267j),(472+76j),(475-104j),(434-245j),(341-350j),(237-434j),(128-489j),(1-493j),(-125-481j),(-236-465j),(-331-424j),(-405-362j),(-467-294j),(-514-220j),(-549-130j),(-583-40j),(-606+46j),(-602+139j),(-593+243j),(-549+348j),(-534+438j),(-456+533j),(-365+628j),(-272+698j),(-166+727j),(-46+766j),0j,(211+818j),(324+763j),(459+736j),(604+660j),(732+554j),(834+426j),(900+250j),(952+122j),(958-71j),(951-275j),(897-470j),(787-640j),(635-790j),(471-898j),(270-984j),(45-1014j),(-222-1005j),(-473-938j),(-678-798j),(-856-569j),(-942-274j),(-982-3j),(-935+330j),(-763+646j),(-441+881j),(-21+982j),(461+858j),(10246+5376j),(-13136-32640j),(128+0j),0j
38182b2eef40,1747747452.0691354,0j,0j,0j,(-5120+5120j),(394-272j),(184-441j),(-89-476j),(-292-381j),(-415-235j),(-480-75j),(-474+97j),(-410+255j),(-325+376j),(-194+451j),(-67+498j),(58+511j),(201+484j),(320+430j),(410+357j),(494+261j),(557+153j),(584+32j),(591-101j),(580-224j),(535-352j),(458-471j),(367-584j),(246-664j),(114-723j),(-40-752j),(-207-746j),(-353-673j),0j,(-673-491j),(-771-321j),(-843-150j),(-889+40j),(-889+233j),(-833+442j),(-696+639j),(-550+804j),(-337+923j),(-100+993j),(147+994j),(394+928j),(626+813j),(820+620j),(958+361j),(1023+84j),(1008-214j),(903-518j),(691-774j),(399-942j),(50-1001j),(-313-963j),(-656-758j),(-899-433j),(-983-11j),(-857+462j),(-466+844j),(10246+5376j),(-13136-32640j),(128+0j),0j
38182b2eef40,1747747452.079203,0j,0j,0j,(-5120+5120j),(-499+64j),(-346+364j),(-82+500j),(187+465j),(365+320j),(462+139j),(473-65j),(437-239j),(318-395j),(161-487j),(-1-513j),(-176-490j),(-315-418j),(-430-315j),(-508-176j),(-559-32j),(-564+138j),(-524+299j),(-437+433j),(-296+550j),(-150+623j),(23+654j),(208+654j),(387+589j),(548+464j),(662+310j),(740+143j),(765-89j),0j,(696-544j),(497-684j),(299-821j),(57-889j),(-205-892j),(-465-821j),(-677-658j),(-859-429j),(-956-162j),(-979+150j),(-909+453j),(-727+713j),(-467+909j),(-151+1021j),(187+1021j),(524+906j),(805+669j),(992+325j),(1039-71j),(916-454j),(664-752j),(281-963j),(-156-990j),(-583-819j),(-885-426j),(-961+117j),(-700+642j),(10246+5376j),(-13136-32640j),(128+0j),0j
38182b2eef40,1747747452.0892441,0j,0j,0j,(-5120+5120j),(-197-433j),(-429-267j),(-490-1j),(-426+241j),(-284+411j),(-114+485j),(66+487j),(243+430j),(385+341j),(459+210j),(502+67j),(518-74j),(490-190j),(423-309j),(342-435j),(231-501j),(101-549j),(-53-586j),(-192-571j),(-341-528j),(-466-451j),(-563-343j),(-655-225j),(-706-75j),(-720+100j),(-693+267j),(-613+437j),(-502+583j),0j,(-226+837j),(10+850j),(193+842j),(400+797j),(589+690j),(766+534j),(851+332j),(939+88j),(958-147j),(919-402j),(802-656j),(586-858j),(323-989j),(33-1024j),(-270-983j),(-565-853j),(-814-647j),(-975-336j),(-1033-14j),(-955+341j),(-766+646j),(-459+874j),(-95+984j),(316+943j),(697+698j),(942+238j),(911-334j),(10246+5376j),(-13136-32640j),(128+0j),0j
38182b2eef40,1747747452.108563,0j,0j,0j,(-5120+5120j),(-453-102j),(-440+155j),(-309+360j),(-132+459j),(37+482j),(180+446j),(294+368j),(380+287j),(453+188j),(486+63j),(496-36j),(488-130j),(473-210j),(424-293j),(367-370j),(300-464j),(215-512j),(140-568j),(72-584j),(-29-621j),(-111-619j),(-214-600j),(-327-579j),(-422-522j),(-515-475j),(-578-420j),(-629-345j),(-692-216j),0j,(-807+38j),(-798+126j),(-784+258j),(-769+435j),(-693+555j),(-579+697j),(-472+775j),(-317+865j),(-172+922j),(-8+980j),(166+971j),(359+917j),(529+821j),(693+669j),(839+541j),(914+326j),(1007+114j),(977-147j),(920-412j),(744-642j),(519-801j),(253-923j),(-32-954j),(-340-880j),(-651-683j),(-853-320j),(-919+136j),(10246+5376j),(-13136-32640j),(128+0j),0j
38182b2eef40,1747747452.1188753,0j,0j,0j,(-5120+5120j),(218-449j),(-52-491j),(-306-381j),(-459-206j),(-496-20j),(-476+168j),(-387+308j),(-276+423j),(-137+502j),(21+505j),(133+478j),(241+439j),(363+372j),(448+288j),(515+180j),(562+71j),(561-51j),(564-191j),(518-308j),(449-439j),(371-531j),(258-597j),(128-668j),(-18-685j),(-160-693j),(-283-665j),(-423-625j),(-572-520j),0j,(-805-279j),(-824-97j),(-851+83j),(-862+268j),(-787+462j),(-682+651j),(-523+775j),(-310+913j),(-120+970j),(125+1010j),(364+972j),(590+826j),(774+673j),(918+438j),(1018+176j),(1024-109j),(1024-109j),(800-668j),(551-884j),(232-1004j),(-102-982j),(-444-882j),(-741-671j),(-964-317j),(-1012+121j),(-822+580j),(-386+916j),(10246+5376j),(-13136-32640j),(128+0j),0j
38182b2eef40,1747747452.1341457,0j,0j,0j,(-5120+5120j),(304+386j),(458+151j),(498-78j),(411-266j),(299-378j),(196-450j),(36-469j),(-71-485j),(-201-448j),(-304-392j),(-359-347j),(-411-278j),(-480-194j),(-535-122j),(-549-17j),(-566+55j),(-556+146j),(-525+235j),(-508+322j),(-463+393j),(-438+481j),(-370+544j),(-297+597j),(-213+655j),(-139+677j),(-30+713j),(74+741j),(198+773j),0j,0j,(519+630j),(663+597j),(748+503j),(848+372j),(887+249j),(919+90j),(954-52j),(969-221j),(919-432j),(856-583j),(705-724j),(596-871j),(427-962j),(198-1014j),(-31-1053j),(-238-993j),(-486-920j),(-683-786j),(-853-586j),(-945-327j),(-972-35j),(-941+265j),(-805+565j),(-526+860j),(-148+1010j),(365+894j),(10246+5376j),(-13136-32640j),(128+0j),0j
38182b2eef40,1747747452.140745,0j,0j,0j,(-5120+5120j),(-358-337j),(-476-68j),(-454+180j),(-344+368j),(-165+445j),(-7+482j),(162+456j),(278+407j),(389+336j),(469+227j),(499+84j),(515-19j),(526-145j),(489-247j),(444-338j),(376-420j),(286-500j),(206-539j),(100-610j),(-17-613j),(-126-632j),(-235-612j),(-362-576j),(-442-517j),(-556-456j),(-649-352j),(-724-236j),(-768-117j),0j,(-827+233j),(-765+339j),(-696+490j),(-625+626j),(-493+764j),(-346+869j),(-151+905j),(10+957j),(204+951j),(405+921j),(614+817j),(782+645j),(903+445j),(995+220j),(1033-31j),(995-284j),(892-539j),(715-737j),(501-906j),(214-997j),(-131-1003j),(-429-874j),(-717-686j),(-932-385j),(-1022+13j),(-894+467j),(-517+843j),(10246+5376j),(-13136-32640j),(128+0j),0j
38182b2eef40,1747747452.159192,0j,0j,0j,(-5120+5120j),(-468-96j),(-460+148j),(-340+352j),(-169+456j),(-3+486j),(131+472j),(267+426j),(379+343j),(454+245j),(492+133j),(501+38j),(502-50j),(515-148j),(503-242j),(472-327j),(420-403j),(347-462j),(278-515j),(203-568j),(132-609j),(59-643j),(-38-651j),(-133-669j),(-238-659j),(-338-633j),(-425-602j),(-516-554j),(-618-504j),0j,(-794-278j),(-811-204j),(-876-84j),(-901+59j),(-905+210j),(-875+372j),(-779+459j),(-734+628j),(-640+763j),(-505+876j),(-352+976j),(-145+1020j),(44+1013j),(221+995j),(424+932j),(613+834j),(799+687j),(952+473j),(1026+236j),(1046-41j),(956-324j),(837-582j),(620-809j),(327-957j),(-47-994j),(-455-866j),(-799-529j),(10246+5376j),(-13136-32640j),(128+0j),0j
38182b2eef40,1747747452.1692626,0j,0j,0j,(-5120+5120j),(-425-309j),(-485-39j),(-447+206j),(-319+381j),(-141+465j),(38+479j),(197+445j),(323+365j),(442+264j),(491+138j),(515+11j),(507-122j),(464-250j),(406-356j),(344-446j),(252-531j),(143-583j),(25-596j),(-96-606j),(-220-591j),(-355-539j),(-436-473j),(-554-383j),(-644-277j),(-697-149j),(-730-18j),(-749+127j),(-731+329j),0j,(-610+618j),(-463+694j),(-314+816j),(-150+882j),(43+922j),(230+918j),(430+842j),(598+732j),(754+589j),(902+406j),(1005+171j),(1040-74j),(997-334j),(895-571j),(700-762j),(483-924j),(214-1016j),(-99-1045j),(-400-957j),(-673-773j),(-893-504j),(-998-164j),(-989+214j),(-845+581j),(-522+866j),(-49+990j),(467+840j),(10246+5376j),(-13136-32640j),(128+0j),0j
38182b2eef40,1747747452.1792188,0j,0j,0j,(-5120+5120j),(-307+395j),(-59+498j),(177+475j),(351+351j),(465+200j),(508+47j),(495-111j),(441-249j),(367-340j),(269-422j),(189-473j),(87-502j),(-11-534j),(-104-527j),(-200-507j),(-287-482j),(-366-442j),(-451-389j),(-528-331j),(-587-240j),(-631-149j),(-652-59j),(-671+50j),(-680+153j),(-674+266j),(-634+382j),(-576+485j),(-509+576j),0j,(-345+803j),(-219+805j),(-106+868j),(35+901j),(211+905j),(376+870j),(517+757j),(687+686j),(805+568j),(936+410j),(1017+237j),(1033+21j),(1023-194j),(964-385j),(856-597j),(722-789j),(508-925j),(256-1027j),(3-1043j),(-290-979j),(-543-864j),(-765-634j),(-938-356j),(-1009-35j),(-938+363j),(-691+736j),(-241+948j),(10246+5376j),(-13136-32640j),(128+0j),0j
38182b2eef40,1747747452.1991305,0j,0j,0j,(-5120+5120j),(-434-263j),(-510+15j),(-438+253j),(-277+408j),(-102+477j),(74+490j),(212+457j),(321+386j),(424+300j),(477+186j),(516+65j),(522-50j),(506-179j),(487-279j),(424-362j),(361-450j),(286-509j),(188-570j),(106-617j),(2-625j),(-102-634j),(-199-623j),(-327-582j),(-438-546j),(-544-486j),(-628-404j),(-698-291j),(-738-181j),0j,(-841+121j),(-797+238j),(-776+403j),(-722+560j),(-603+709j),(-483+831j),(-336+872j),(-166+933j),(3+976j),(227+973j),(452+934j),(645+803j),(824+634j),(935+454j),(1010+206j),(1063-38j),(1016-290j),(901-557j),(738-771j),(489-932j),(175-1027j),(-134-1005j),(-487-887j),(-781-653j),(-969-281j),(-988+169j),(-743+614j),(10246+5376j),(-13136-32640j),(128+0j),0j
38182b2eef40,1747747452.20923,0j,0j,0j,(-5120+5120j),(-327-123j),(-345+67j),(-248+239j),(-96+326j),(50+344j),(171+308j),(270+229j),(327+117j),(345-4j),(326-110j),(283-196j),(233-266j),(159-329j),(63-374j),(-34-380j),(-119-366j),(-194-339j),(-278-288j),(-350-219j),(-399-136j),(-441-47j),(-456+49j),(-443+175j),(-401+275j),(-343+369j),(-263+451j),(-149+504j),(-30+541j),0j,(228+566j),(348+475j),(463+396j),(553+299j),(623+168j),(664+10j),(634-155j),(588-328j),(494-475j),(365-612j),(194-707j),(-11-735j),(-206-696j),(-386-599j),(-540-468j),(-658-288j),(-724-77j),(-716+147j),(-631+372j),(-461+560j),(-203+670j),(53+698j),(320+619j),(548+446j),(688+160j),(668-199j),(436-527j),(10246+5376j),(-13136-32640j),(1152+0j),0j
